entry_time,exit_time,direction,outcome,entry_spot,exit_spot,entry_prem,exit_prem,gross,costs,net,hour
2024-06-07 09:15:00,2024-06-07 11:30:00,LONG,T1,75375.43,76129.1843,301.5,678.38,7537.54,133.0,7404.55,9
2024-06-07 11:45:00,2024-06-07 15:15:00,LONG,TIME_EXIT,76374.86,76600.83,305.5,418.48,2259.7,95.83,2163.87,11
2024-06-11 13:45:00,2024-06-11 14:15:00,LONG,STOPPED,76812.76,76582.32171999999,307.25,192.03,-2304.38,63.25,-2367.63,13
2024-06-12 09:30:00,2024-06-12 15:15:00,LONG,STOPPED,76804.15,76573.73754999999,307.22,192.01,-2304.12,63.24,-2367.37,9
2024-06-13 10:00:00,2024-06-13 15:15:00,LONG,TIME_EXIT,76901.48,76823.75,307.61,268.74,-777.3,74.4,-851.7,10
2024-06-14 10:30:00,2024-06-14 15:15:00,LONG,TIME_EXIT,76939.13,76956.07,307.76,316.23,169.4,81.29,88.11,10
2024-06-18 09:30:00,2024-06-18 15:15:00,LONG,TIME_EXIT,77269.96,77322.07,309.08,335.13,521.1,84.18,436.92,9
2024-06-19 09:30:00,2024-06-19 10:15:00,LONG,STOPPED,77469.91,77237.50027,309.88,193.67,-2324.1,63.79,-2387.89,9
2024-06-19 11:00:00,2024-06-19 15:15:00,LONG,TIME_EXIT,77266.52,77343.22,309.07,347.42,767.0,85.95,681.05,11
2024-06-20 12:45:00,2024-06-20 15:15:00,LONG,TIME_EXIT,77421.75,77508.82,309.69,353.22,870.7,86.87,783.83,12
2024-06-21 13:30:00,2024-06-21 13:45:00,SHORT,STOPPED,77046.91,77278.05073,308.19,192.62,-2311.41,63.44,-2374.85,13
2024-06-21 15:00:00,2024-06-21 15:15:00,SHORT,TIME_EXIT,77141.17,77070.32,308.56,343.99,708.5,85.4,623.1,15
2024-06-24 10:15:00,2024-06-24 11:00:00,SHORT,STOPPED,77039.88,77270.99964000001,308.16,192.6,-2311.2,63.44,-2374.63,10
2024-06-24 15:15:00,2024-06-24 15:15:00,LONG,TIME_EXIT,77369.31,77369.31,309.48,309.48,0.0,80.51,-80.51,15
2024-06-25 09:30:00,2024-06-25 15:15:00,LONG,TIME_EXIT,77566.9,78064.48,310.27,559.06,4975.8,116.73,4859.07,9
2024-06-26 09:45:00,2024-06-26 15:15:00,LONG,TIME_EXIT,78022.05,78575.1,312.09,588.61,5530.5,121.22,5409.28,9
2024-06-27 10:00:00,2024-06-27 10:30:00,LONG,STOPPED,78954.87,78718.00538999999,315.82,197.39,-2368.65,65.01,-2433.66,10
2024-06-27 10:45:00,2024-06-27 15:15:00,LONG,TIME_EXIT,78754.36,79250.58,315.02,563.13,4962.2,117.87,4844.33,10
2024-06-28 09:15:00,2024-06-28 12:15:00,LONG,STOPPED,79530.41,79291.81877,318.12,198.83,-2385.91,65.49,-2451.4,9
2024-07-01 13:45:00,2024-07-01 15:15:00,LONG,TIME_EXIT,79474.8,79420.35,317.9,290.67,-544.5,78.76,-623.26,13
2024-07-02 11:15:00,2024-07-02 12:30:00,LONG,STOPPED,79605.99,79367.17203,318.42,199.01,-2388.18,65.55,-2453.73,11
2024-07-03 10:30:00,2024-07-03 15:15:00,LONG,TIME_EXIT,79966.03,79997.03,319.86,335.36,310.0,85.46,224.54,10
2024-07-05 13:30:00,2024-07-05 15:00:00,SHORT,STOPPED,79746.36,79985.59908,318.99,199.37,-2392.39,65.67,-2458.06,13
2024-07-08 13:30:00,2024-07-08 15:15:00,LONG,TIME_EXIT,79898.54,80027.02,319.59,383.83,1284.8,92.44,1192.36,13
2024-07-09 09:30:00,2024-07-09 15:15:00,LONG,TIME_EXIT,80168.38,80264.39,320.67,368.68,960.1,90.37,869.73,9
2024-07-12 10:15:00,2024-07-12 11:00:00,LONG,T1,80019.5,80819.695,320.08,720.18,8001.95,141.19,7860.76,10
2024-07-12 12:00:00,2024-07-12 15:15:00,LONG,TIME_EXIT,80557.12,80551.03,322.23,319.18,-60.9,83.39,-144.29,12
2024-07-15 09:15:00,2024-07-15 15:15:00,LONG,TIME_EXIT,80715.35,80666.03,322.86,298.2,-493.2,80.42,-573.62,9
2024-07-16 09:30:00,2024-07-16 15:15:00,LONG,TIME_EXIT,80818.03,80708.86,323.27,268.69,-1091.7,76.2,-1167.9,9
2024-07-22 11:45:00,2024-07-22 15:15:00,SHORT,TIME_EXIT,80599.06,80518.74,322.4,362.56,803.2,89.68,713.52,11
2024-07-23 10:30:00,2024-07-23 11:00:00,SHORT,STOPPED,80405.58,80646.79674,321.62,201.01,-2412.17,66.21,-2478.38,10
2024-07-23 13:00:00,2024-07-23 13:45:00,SHORT,STOPPED,79768.68,80051.8235490063,319.07,177.5,-2831.44,62.51,-2893.95,13
2024-07-24 12:30:00,2024-07-24 14:15:00,SHORT,STOPPED,79813.71,80053.15113000001,319.25,199.53,-2394.41,65.72,-2460.13,12
2024-07-25 10:15:00,2024-07-25 11:45:00,SHORT,STOPPED,79658.43,79897.40529,318.63,199.15,-2389.75,65.59,-2455.35,10
2024-07-26 09:45:00,2024-07-26 13:15:00,LONG,T1,80413.55,81217.6855,321.65,723.72,8041.36,141.89,7899.47,9
2024-07-26 13:45:00,2024-07-26 15:15:00,LONG,TIME_EXIT,81192.41,81387.51,324.77,422.32,1951.0,98.61,1852.39,13
2024-07-29 09:30:00,2024-07-29 12:15:00,LONG,STOPPED,81662.02,81417.03394000001,326.65,204.16,-2449.86,67.24,-2517.1,9
2024-08-02 12:15:00,2024-08-02 15:15:00,SHORT,TIME_EXIT,81100.27,80924.89,324.4,412.09,1753.8,97.09,1656.71,12
2024-08-05 10:00:00,2024-08-05 11:00:00,SHORT,T1,79544.6,78749.15400000001,318.18,715.9,7954.46,140.35,7814.11,10
2024-08-05 11:45:00,2024-08-05 13:30:00,SHORT,STOPPED,78551.36,78829.75897384249,314.21,175.01,-2783.99,61.59,-2845.58,11
2024-08-08 13:15:00,2024-08-08 14:15:00,SHORT,STOPPED,78884.65,79121.30395,315.54,197.21,-2366.54,64.96,-2431.5,13
2024-08-09 10:30:00,2024-08-09 15:15:00,LONG,TIME_EXIT,79629.63,79676.41,318.52,341.91,467.8,86.25,381.55,10
2024-08-13 11:30:00,2024-08-13 15:15:00,SHORT,TIME_EXIT,79527.45,78940.54,318.11,611.56,5869.1,125.24,5743.86,11
2024-08-16 10:00:00,2024-08-16 10:30:00,LONG,STOPPED,79591.35,79352.57595,318.37,198.98,-2387.74,65.54,-2453.28,10
2024-08-16 11:30:00,2024-08-16 15:15:00,LONG,TIME_EXIT,79760.04,80416.57,319.04,647.31,6565.3,130.52,6434.78,11
2024-08-19 09:30:00,2024-08-19 11:00:00,LONG,STOPPED,80604.01,80362.19797,322.42,201.51,-2418.12,66.37,-2484.49,9
2024-08-19 11:45:00,2024-08-19 15:15:00,LONG,TIME_EXIT,80537.74,80444.26,322.15,275.41,-934.8,77.04,-1011.84,11
2024-08-20 09:30:00,2024-08-20 15:15:00,LONG,TIME_EXIT,80731.8,80711.56,322.93,312.81,-202.4,82.54,-284.94,9
2024-08-22 10:30:00,2024-08-22 15:15:00,LONG,TIME_EXIT,81081.4,81017.42,324.33,292.34,-639.8,79.74,-719.54,10
2024-08-23 11:15:00,2024-08-23 15:15:00,LONG,TIME_EXIT,81155.29,81133.31,324.62,313.63,-219.8,82.86,-302.66,11
2024-08-26 09:15:00,2024-08-26 15:15:00,LONG,TIME_EXIT,81420.14,81705.16,325.68,468.19,2850.2,105.36,2744.84,9
2024-08-27 12:30:00,2024-08-27 15:15:00,LONG,TIME_EXIT,81820.14,81664.74,327.28,249.58,-1554.0,73.89,-1627.89,12
2024-08-28 12:45:00,2024-08-28 15:15:00,LONG,TIME_EXIT,81958.69,81777.73,327.83,237.35,-1809.6,72.19,-1881.79,12
2024-08-29 10:15:00,2024-08-29 14:00:00,LONG,STOPPED,82030.8,81784.70760000001,328.12,205.08,-2460.92,67.55,-2528.47,10
2024-08-30 10:30:00,2024-08-30 15:15:00,LONG,TIME_EXIT,82362.32,82389.07,329.45,342.82,267.5,87.64,179.86,10
2024-09-02 09:30:00,2024-09-02 15:15:00,LONG,TIME_EXIT,82592.61,82529.71,330.37,298.92,-629.0,81.39,-710.39,9
2024-09-03 14:00:00,2024-09-03 15:15:00,LONG,TIME_EXIT,82529.19,82510.05,330.12,320.55,-191.4,84.49,-275.89,14
2024-09-04 10:15:00,2024-09-04 15:00:00,SHORT,STOPPED,82104.08,82350.39224,328.42,205.26,-2463.12,67.61,-2530.73,10
2024-09-05 11:30:00,2024-09-05 15:15:00,SHORT,TIME_EXIT,82268.16,82158.53,329.07,383.89,1096.3,93.54,1002.76,11
2024-09-06 09:45:00,2024-09-06 15:15:00,SHORT,TIME_EXIT,81655.19,81271.41,326.62,518.51,3837.8,112.75,3725.05,9
2024-09-10 10:45:00,2024-09-10 15:15:00,LONG,TIME_EXIT,81686.65,81939.82,326.75,453.33,2531.7,103.33,2428.37,10
2024-09-12 09:45:00,2024-09-12 14:00:00,SHORT,STOPPED,81712.12,81957.25636,326.85,204.28,-2451.36,67.28,-2518.65,9
2024-09-13 09:30:00,2024-09-13 15:15:00,LONG,TIME_EXIT,82811.88,82826.88,331.25,338.75,150.0,87.26,62.74,9
2024-09-17 13:15:00,2024-09-17 15:15:00,LONG,TIME_EXIT,83103.26,83043.13,332.41,302.35,-601.3,82.12,-683.42,13
2024-09-18 12:30:00,2024-09-18 13:00:00,LONG,STOPPED,83313.26,83063.32022,333.25,208.28,-2499.4,68.6,-2568.0,12
2024-09-25 15:00:00,2024-09-25 15:15:00,LONG,TIME_EXIT,85193.03,85181.68,340.77,335.1,-113.5,87.83,-201.33,15
2024-09-26 09:15:00,2024-09-26 15:15:00,LONG,TIME_EXIT,85359.91,85735.18,341.44,529.07,3752.7,115.99,3636.71,9
2024-09-27 09:15:00,2024-09-27 12:45:00,LONG,STOPPED,85877.99,85620.35603000001,343.51,214.69,-2576.34,70.71,-2647.05,9
2024-09-30 10:00:00,2024-09-30 15:15:00,SHORT,TIME_EXIT,84876.91,84362.52,339.51,596.7,5143.9,125.56,5018.34,10
2024-10-01 10:30:00,2024-10-01 12:00:00,SHORT,STOPPED,84154.97,84407.43491,336.62,210.39,-2524.65,69.3,-2593.94,10
2024-10-01 12:30:00,2024-10-01 15:15:00,SHORT,TIME_EXIT,84203.52,84330.27,336.81,273.44,-1267.5,78.45,-1345.95,12
2024-10-03 10:00:00,2024-10-03 13:45:00,SHORT,T1,83393.14,82559.2086,333.57,750.54,8339.31,147.14,8192.17,10
2024-10-03 14:15:00,2024-10-03 15:15:00,SHORT,TIME_EXIT,82469.02,82549.34,329.88,289.72,-803.2,80.0,-883.2,14
2024-10-04 10:00:00,2024-10-04 10:30:00,SHORT,STOPPED,82377.1,82624.2313,329.51,205.94,-2471.31,67.83,-2539.14,10
2024-10-07 10:45:00,2024-10-07 11:15:00,SHORT,STOPPED,81440.92,81685.24276,325.76,203.6,-2443.23,67.06,-2510.29,10
2024-10-07 11:30:00,2024-10-07 13:30:00,SHORT,T1,81602.79,80786.76209999999,326.41,734.43,8160.28,143.98,8016.29,11
2024-10-07 14:00:00,2024-10-07 14:45:00,SHORT,STOPPED,80967.28,81210.18184,323.87,202.42,-2429.02,66.67,-2495.69,14
2024-10-09 11:00:00,2024-10-09 11:45:00,LONG,STOPPED,82235.52,81988.81344,328.94,205.59,-2467.07,67.72,-2534.78,11
2024-10-10 09:30:00,2024-10-10 10:00:00,SHORT,STOPPED,81609.36,81854.18808,326.44,204.02,-2448.28,67.2,-2515.48,9
2024-10-14 11:15:00,2024-10-14 15:15:00,LONG,TIME_EXIT,81917.42,82031.49,327.67,384.7,1140.7,93.5,1047.2,11
2024-10-16 11:30:00,2024-10-16 14:00:00,SHORT,STOPPED,81433.44,81677.74032,325.73,203.58,-2443.0,67.05,-2510.06,11
2024-10-16 15:00:00,2024-10-16 15:15:00,SHORT,TIME_EXIT,81496.59,81466.27,325.99,341.15,303.2,87.0,216.2,15
2024-10-17 09:15:00,2024-10-17 15:15:00,SHORT,TIME_EXIT,81517.19,81007.78,326.07,580.77,5094.1,121.7,4972.4,9
2024-10-18 09:15:00,2024-10-18 09:30:00,SHORT,STOPPED,80437.88,80679.19364,321.75,201.09,-2413.14,66.23,-2479.37,9
2024-10-18 09:45:00,2024-10-18 10:30:00,SHORT,STOPPED,80618.63,80860.48589000001,322.47,201.55,-2418.56,66.38,-2484.94,9
2024-10-21 10:30:00,2024-10-21 11:45:00,LONG,STOPPED,81240.32,80996.59904,324.96,203.1,-2437.21,66.9,-2504.11,10
2024-10-22 09:30:00,2024-10-22 10:00:00,LONG,STOPPED,81410.5,81166.2685,325.64,203.53,-2442.31,67.04,-2509.35,9
2024-10-22 11:15:00,2024-10-22 15:15:00,SHORT,TIME_EXIT,80911.62,80278.58,323.65,640.17,6330.4,130.02,6200.38,11
2024-10-23 09:30:00,2024-10-23 09:45:00,SHORT,STOPPED,80088.63,80328.89589,320.35,200.22,-2402.66,65.95,-2468.61,9
2024-10-23 13:00:00,2024-10-23 15:15:00,SHORT,TIME_EXIT,80463.9,80113.38,321.86,497.12,3505.2,109.1,3396.1,13
2024-10-24 09:15:00,2024-10-24 15:15:00,SHORT,TIME_EXIT,80077.49,80095.66,320.31,311.22,-181.7,82.01,-263.71,9
2024-10-25 10:00:00,2024-10-25 15:15:00,SHORT,TIME_EXIT,79672.81,79580.5,318.69,364.85,923.1,89.59,833.51,10
2024-10-28 11:30:00,2024-10-28 15:00:00,LONG,STOPPED,80312.27,80071.33319,321.25,200.78,-2409.37,66.13,-2475.5,11
2024-10-31 10:00:00,2024-10-31 15:15:00,SHORT,TIME_EXIT,79700.9,79530.49,318.8,404.01,1704.1,95.27,1608.83,10
2024-11-06 10:45:00,2024-11-06 15:15:00,LONG,TIME_EXIT,79952.77,80409.53,319.81,548.19,4567.6,116.26,4451.34,10
2024-11-07 14:15:00,2024-11-07 15:15:00,SHORT,TIME_EXIT,79560.53,79528.27,318.24,334.37,322.6,85.12,237.48,14
2024-11-08 11:15:00,2024-11-08 15:15:00,SHORT,TIME_EXIT,79424.0,79331.71,317.7,363.84,922.9,89.33,833.57,11
2024-11-11 10:00:00,2024-11-11 10:15:00,SHORT,STOPPED,79401.01,79639.21303,317.6,198.5,-2382.03,65.38,-2447.41,10
2024-11-12 11:00:00,2024-11-12 15:00:00,SHORT,T1,79510.56,78715.4544,318.04,715.6,7951.06,140.29,7810.76,11
2024-11-12 15:15:00,2024-11-12 15:15:00,SHORT,TIME_EXIT,78562.81,78562.81,314.25,314.25,0.0,81.75,-81.75,15
2024-11-13 09:15:00,2024-11-13 14:30:00,SHORT,T1,78524.27,77739.0273,314.1,706.72,7852.43,138.55,7713.87,9
2024-11-13 14:45:00,2024-11-13 15:15:00,SHORT,TIME_EXIT,77687.02,77801.36,310.75,253.58,-1143.4,72.56,-1215.96,14
2024-11-14 09:15:00,2024-11-14 10:00:00,SHORT,STOPPED,77732.35,77965.54705000001,310.93,194.33,-2331.97,64.01,-2395.98,9
2024-11-14 10:45:00,2024-11-14 15:15:00,SHORT,TIME_EXIT,77633.01,77686.69,310.53,283.69,-536.8,76.9,-613.7,10
2024-11-18 10:30:00,2024-11-18 11:45:00,SHORT,STOPPED,77036.87,77267.98061,308.15,192.59,-2311.11,63.43,-2374.54,10
2024-11-18 14:45:00,2024-11-18 15:15:00,SHORT,TIME_EXIT,77336.43,77374.31,309.35,290.41,-378.8,77.73,-456.53,14
2024-11-21 10:30:00,2024-11-21 15:15:00,SHORT,TIME_EXIT,77007.42,77133.78,308.03,244.85,-1263.6,70.99,-1334.59,10
2024-11-22 11:45:00,2024-11-22 14:00:00,LONG,T1,77889.31,78668.2031,311.56,701.0,7788.93,137.43,7651.5,11
2024-11-22 14:30:00,2024-11-22 15:15:00,LONG,TIME_EXIT,78870.61,78957.43,315.48,358.89,868.2,88.36,779.84,14
2024-11-25 09:15:00,2024-11-25 12:45:00,LONG,STOPPED,80404.5,80096.51670276519,321.62,167.63,-3079.83,61.37,-3141.21,9
2024-11-25 15:00:00,2024-11-25 15:15:00,LONG,TIME_EXIT,80083.3,80171.54,320.33,364.45,882.4,89.72,792.68,15
2024-11-26 10:00:00,2024-11-26 10:15:00,LONG,STOPPED,80152.93,79912.47120999999,320.61,200.38,-2404.59,66.0,-2470.59,10
2024-11-27 12:30:00,2024-11-27 15:15:00,LONG,TIME_EXIT,80323.8,80244.75,321.3,281.77,-790.5,77.86,-868.36,12
2024-11-28 10:00:00,2024-11-28 10:30:00,LONG,STOPPED,80391.71,80150.53487,321.57,200.98,-2411.75,66.2,-2477.95,10
2024-11-28 12:30:00,2024-11-28 15:15:00,SHORT,TIME_EXIT,79373.97,79165.22,317.5,421.87,2087.5,97.71,1989.79,12
2024-12-02 13:30:00,2024-12-02 15:15:00,LONG,TIME_EXIT,79928.04,80253.78,319.71,482.58,3257.4,106.75,3150.65,13
2024-12-03 10:15:00,2024-12-03 15:15:00,LONG,TIME_EXIT,80665.85,80839.51,322.66,409.49,1736.6,96.51,1640.09,10
2024-12-04 09:30:00,2024-12-04 11:45:00,LONG,STOPPED,81202.18,80958.57346,324.81,203.01,-2436.07,66.86,-2502.93,9
2024-12-05 13:00:00,2024-12-05 14:45:00,LONG,STOPPED,81551.04,81306.38687999999,326.2,203.88,-2446.53,67.15,-2513.68,13
2024-12-05 15:00:00,2024-12-05 15:15:00,LONG,TIME_EXIT,81944.0,81765.72,327.78,238.64,-1782.8,72.36,-1855.16,15
2024-12-06 12:15:00,2024-12-06 15:15:00,LONG,TIME_EXIT,81828.8,81674.43,327.32,250.13,-1543.7,73.98,-1617.68,12
2024-12-10 12:30:00,2024-12-10 15:15:00,SHORT,STOPPED,81313.53,81557.47059,325.25,203.28,-2439.41,66.96,-2506.36,12
2024-12-11 14:00:00,2024-12-11 15:15:00,LONG,TIME_EXIT,81615.17,81496.7,326.46,267.23,-1184.7,76.35,-1261.05,14
2024-12-12 13:00:00,2024-12-12 15:15:00,SHORT,TIME_EXIT,81343.46,81263.84,325.37,365.18,796.2,90.41,705.79,13
2024-12-13 09:30:00,2024-12-13 11:45:00,SHORT,STOPPED,80772.55,81014.86765,323.09,201.93,-2423.18,66.51,-2489.69,9
2024-12-17 10:15:00,2024-12-17 15:15:00,SHORT,TIME_EXIT,80992.13,80656.35,323.97,491.86,3357.8,108.59,3249.21,10
2024-12-18 09:15:00,2024-12-18 09:30:00,SHORT,STOPPED,80560.53,80802.21158999999,322.24,201.4,-2416.82,66.34,-2483.15,9
2024-12-18 10:00:00,2024-12-18 15:15:00,SHORT,TIME_EXIT,80339.48,80231.83,321.36,375.18,1076.5,91.39,985.11,10
2024-12-19 09:15:00,2024-12-19 09:30:00,SHORT,STOPPED,79173.02,79410.53906000001,316.69,197.93,-2375.19,65.19,-2440.38,9
2024-12-19 09:45:00,2024-12-19 15:15:00,SHORT,TIME_EXIT,79412.33,79243.14,317.65,402.24,1691.9,94.88,1597.02,9
2024-12-20 10:15:00,2024-12-20 10:45:00,SHORT,STOPPED,78992.79,79229.76836999999,315.97,197.48,-2369.78,65.04,-2434.83,10
2024-12-20 12:00:00,2024-12-20 15:00:00,SHORT,T1,78938.25,78148.8675,315.75,710.44,7893.83,139.28,7754.54,12
2024-12-23 12:45:00,2024-12-23 14:30:00,SHORT,STOPPED,78320.28,78555.24084,313.28,195.8,-2349.61,64.49,-2414.1,12
2024-12-24 14:15:00,2024-12-24 15:15:00,SHORT,TIME_EXIT,78497.06,78453.02,313.99,336.01,440.4,84.87,355.53,14
2024-12-26 10:15:00,2024-12-26 15:15:00,SHORT,TIME_EXIT,78453.72,78522.79,313.81,279.28,-690.7,76.64,-767.34,10
2024-12-27 11:00:00,2024-12-27 14:45:00,LONG,STOPPED,78964.05,78727.15785,315.86,197.41,-2368.92,65.02,-2433.94,11
2025-01-01 12:00:00,2025-01-01 15:15:00,LONG,TIME_EXIT,78426.72,78581.23,313.71,390.96,1545.1,92.79,1452.31,12
2025-01-02 09:30:00,2025-01-02 12:30:00,LONG,T1,78780.62,79568.4262,315.12,709.03,7878.06,139.01,7739.06,9
2025-01-02 12:45:00,2025-01-02 15:15:00,LONG,TIME_EXIT,79537.93,79905.08,318.15,501.73,3671.5,109.34,3562.16,12
2025-01-03 11:15:00,2025-01-03 12:30:00,LONG,STOPPED,79649.8,79410.8506,318.6,199.12,-2389.49,65.59,-2455.08,11
2025-01-06 10:45:00,2025-01-06 14:30:00,SHORT,T1,78700.21,77913.20790000001,314.8,708.3,7870.02,138.86,7731.16,10
2025-01-07 15:00:00,2025-01-07 15:15:00,SHORT,TIME_EXIT,78174.82,78130.11,312.7,335.05,447.1,84.58,362.52,15
2025-01-08 10:30:00,2025-01-08 13:30:00,SHORT,STOPPED,77643.88,77876.81164,310.58,194.11,-2329.32,63.93,-2393.25,10
2025-01-09 11:30:00,2025-01-09 15:15:00,SHORT,TIME_EXIT,77717.9,77681.27,310.87,329.19,366.3,83.52,282.78,11
2025-01-10 09:45:00,2025-01-10 10:15:00,SHORT,STOPPED,77171.49,77403.00447,308.69,192.93,-2315.14,63.55,-2378.69,9
2025-01-13 10:30:00,2025-01-13 15:15:00,SHORT,TIME_EXIT,77009.15,76347.26,308.04,638.98,6618.9,128.05,6490.85,10
2025-01-14 12:00:00,2025-01-14 15:15:00,SHORT,TIME_EXIT,76602.27,76670.02,306.41,272.53,-677.5,74.81,-752.31,12
2025-01-15 14:15:00,2025-01-15 15:15:00,SHORT,TIME_EXIT,76558.73,76774.13,306.23,198.53,-2154.0,64.07,-2218.07,14
2025-01-16 10:30:00,2025-01-16 15:15:00,LONG,TIME_EXIT,77012.54,77151.11,308.05,377.34,1385.7,90.17,1295.53,10
2025-01-17 10:30:00,2025-01-17 15:15:00,SHORT,TIME_EXIT,76605.14,76628.38,306.42,294.8,-232.4,78.03,-310.43,10
2025-01-20 11:00:00,2025-01-20 15:15:00,LONG,TIME_EXIT,76905.44,77021.25,307.62,365.53,1158.1,88.41,1069.69,11
2025-01-21 11:15:00,2025-01-21 11:45:00,SHORT,STOPPED,76297.33,76526.22199,305.19,190.74,-2288.92,62.83,-2351.75,11
2025-01-22 09:15:00,2025-01-22 14:45:00,SHORT,STOPPED,76108.5,76378.52469887401,304.43,169.42,-2700.25,59.65,-2759.9,9
2025-01-23 12:45:00,2025-01-23 15:15:00,LONG,TIME_EXIT,76651.26,76561.69,306.61,261.82,-895.7,73.28,-968.98,12
2025-01-27 10:00:00,2025-01-27 15:15:00,SHORT,TIME_EXIT,75824.02,75352.03,303.3,539.29,4719.9,113.07,4606.83,10
2025-01-28 13:00:00,2025-01-28 14:45:00,LONG,STOPPED,76284.7,76055.8459,305.14,190.71,-2288.54,62.81,-2351.36,13
2025-01-29 13:45:00,2025-01-29 15:15:00,LONG,TIME_EXIT,76536.35,76557.89,306.15,316.92,215.4,81.2,134.2,13
2025-01-30 09:30:00,2025-01-30 15:15:00,LONG,TIME_EXIT,76577.35,76887.85,306.31,461.56,3105.0,102.16,3002.84,9
2025-01-31 09:15:00,2025-01-31 15:15:00,LONG,TIME_EXIT,76938.53,77565.79,307.75,621.38,6272.6,125.47,6147.13,9
2025-02-01 09:30:00,2025-02-01 11:45:00,LONG,STOPPED,77690.91,77457.83727,310.76,194.23,-2330.73,63.97,-2394.7,9
2025-02-03 11:30:00,2025-02-03 13:00:00,SHORT,STOPPED,76922.35,77153.11705,307.69,192.31,-2307.67,63.34,-2371.01,11
2025-02-04 09:15:00,2025-02-04 10:30:00,LONG,STOPPED,77704.12,77471.00764,310.82,194.26,-2331.12,63.98,-2395.11,9
2025-02-04 11:15:00,2025-02-04 14:45:00,LONG,T1,77765.22,78542.8722,311.06,699.89,7776.52,137.21,7639.31,11
2025-02-05 09:30:00,2025-02-05 10:00:00,LONG,STOPPED,78673.59,78437.56923,314.69,196.68,-2360.21,64.78,-2424.99,9
2025-02-05 13:45:00,2025-02-05 15:00:00,LONG,STOPPED,78507.64,78272.11708,314.03,196.27,-2355.23,64.65,-2419.87,13
2025-02-06 12:45:00,2025-02-06 15:15:00,SHORT,STOPPED,77891.12,78124.79336,311.56,194.73,-2336.73,64.14,-2400.87,12
2025-02-10 09:30:00,2025-02-10 15:15:00,SHORT,TIME_EXIT,77432.85,77302.21,309.73,375.05,1306.4,90.03,1216.37,9
2025-02-11 09:45:00,2025-02-11 13:00:00,SHORT,T1,77057.42,76286.8458,308.23,693.52,7705.74,135.96,7569.78,9
2025-02-11 13:15:00,2025-02-11 14:45:00,SHORT,STOPPED,76219.28,76447.93784,304.88,190.55,-2286.58,62.76,-2349.34,13
2025-02-12 09:30:00,2025-02-12 11:30:00,SHORT,STOPPED,75743.32,75970.54996,302.97,189.36,-2272.3,62.37,-2334.67,9
2025-02-12 14:15:00,2025-02-12 15:15:00,SHORT,TIME_EXIT,76020.1,76238.33,304.08,194.97,-2182.3,63.31,-2245.61,14
2025-02-13 12:30:00,2025-02-13 13:30:00,LONG,STOPPED,76642.47,76412.54259,306.57,191.61,-2299.27,63.11,-2362.38,12
2025-02-14 11:15:00,2025-02-14 14:30:00,SHORT,STOPPED,75673.58,75900.60074000001,302.69,189.18,-2270.21,62.31,-2332.52,11
2025-02-17 10:00:00,2025-02-17 10:30:00,SHORT,STOPPED,75409.04,75635.26711999999,301.64,188.52,-2262.27,62.09,-2324.37,10
2025-02-17 12:00:00,2025-02-17 13:30:00,SHORT,STOPPED,75592.72,75819.49816,302.37,188.98,-2267.78,62.25,-2330.03,12
2025-02-18 14:15:00,2025-02-18 15:15:00,LONG,TIME_EXIT,76000.44,75901.34,304.0,254.45,-991.0,71.91,-1062.91,14
2025-02-19 09:45:00,2025-02-19 14:15:00,LONG,STOPPED,76123.48,75895.10956,304.49,190.31,-2283.7,62.68,-2346.39,9
2025-02-20 09:15:00,2025-02-20 15:15:00,SHORT,TIME_EXIT,75592.85,75715.82,302.37,240.89,-1229.7,69.76,-1299.46,9
2025-02-21 13:15:00,2025-02-21 15:15:00,SHORT,TIME_EXIT,75197.79,75248.29,300.79,275.54,-505.0,74.59,-579.59,13
2025-02-24 09:15:00,2025-02-24 15:15:00,SHORT,TIME_EXIT,74726.16,74456.83,298.9,433.57,2693.3,97.26,2596.04,9
2025-02-25 15:15:00,2025-02-25 15:15:00,SHORT,TIME_EXIT,74506.01,74506.01,298.02,298.02,0.0,77.53,-77.53,15
2025-02-27 09:15:00,2025-02-27 15:15:00,SHORT,TIME_EXIT,74607.39,74564.78,298.43,319.73,426.1,80.72,345.38,9
2025-02-28 10:45:00,2025-02-28 15:15:00,SHORT,TIME_EXIT,73623.0,73193.89,294.49,509.05,4291.1,107.67,4183.43,10
2025-03-03 09:30:00,2025-03-03 15:15:00,SHORT,TIME_EXIT,73174.56,73177.0,292.7,291.48,-24.4,75.97,-100.37,9
2025-03-04 10:00:00,2025-03-04 15:15:00,SHORT,TIME_EXIT,72875.11,72992.68,291.5,232.72,-1175.7,67.32,-1243.02,10
2025-03-05 13:15:00,2025-03-05 15:15:00,LONG,TIME_EXIT,73800.11,73771.38,295.2,280.84,-287.3,74.72,-362.02,13
2025-03-06 10:15:00,2025-03-06 15:15:00,LONG,TIME_EXIT,73774.4,74322.33,295.1,569.06,5479.3,116.43,5362.87,10
2025-03-07 11:00:00,2025-03-07 11:45:00,LONG,STOPPED,74540.48,74316.85856,298.16,186.35,-2236.21,61.38,-2297.59,11
2025-03-10 10:30:00,2025-03-10 13:30:00,LONG,STOPPED,74653.56,74429.59932,298.61,186.63,-2239.61,61.47,-2301.08,10
2025-03-11 09:30:00,2025-03-11 10:30:00,SHORT,STOPPED,73764.89,73986.18467,295.06,184.41,-2212.95,60.74,-2273.69,9
2025-03-11 11:30:00,2025-03-11 13:45:00,SHORT,STOPPED,73925.23,74147.00568999999,295.7,184.81,-2217.76,60.87,-2278.63,11
2025-03-13 10:00:00,2025-03-13 11:30:00,LONG,STOPPED,74291.17,74068.29649,297.16,185.73,-2228.74,61.17,-2289.91,10
2025-03-17 09:45:00,2025-03-17 10:30:00,LONG,STOPPED,74290.47,74067.59859,297.16,185.73,-2228.71,61.17,-2289.89,9
2025-03-18 09:15:00,2025-03-18 15:15:00,LONG,T1,74625.93,75372.1893,298.5,671.63,7462.59,131.67,7330.92,9
2025-03-19 09:15:00,2025-03-19 15:15:00,LONG,TIME_EXIT,75342.3,75452.24,301.37,356.34,1099.4,86.36,1013.04,9
2025-03-20 10:15:00,2025-03-20 15:15:00,LONG,TIME_EXIT,75905.26,76296.18,303.62,499.08,3909.2,107.28,3801.92,10
2025-03-21 09:45:00,2025-03-21 15:15:00,LONG,TIME_EXIT,76582.7,76954.68,306.33,492.32,3719.8,106.62,3613.18,9
2025-03-24 09:30:00,2025-03-24 14:15:00,LONG,T1,77303.25,78076.2825,309.21,695.73,7730.33,136.4,7593.93,9
2025-03-24 14:45:00,2025-03-24 15:15:00,LONG,TIME_EXIT,78002.76,78034.2,312.01,327.73,314.4,83.44,230.96,14
2025-03-25 09:15:00,2025-03-25 10:45:00,LONG,STOPPED,78279.76,78044.92072,313.12,195.7,-2348.39,64.46,-2412.85,9
2025-03-26 13:30:00,2025-03-26 15:15:00,SHORT,TIME_EXIT,77404.32,77258.06,309.62,382.75,1462.6,91.13,1371.47,13
2025-03-28 09:30:00,2025-03-28 10:30:00,SHORT,STOPPED,77361.99,77594.07597,309.45,193.4,-2320.86,63.7,-2384.56,9
2025-03-28 11:15:00,2025-03-28 15:15:00,SHORT,TIME_EXIT,77509.03,77344.47,310.04,392.32,1645.6,92.57,1553.03,11
2025-04-01 10:00:00,2025-04-01 10:45:00,SHORT,T1,77057.72,76287.1428,308.23,693.52,7705.77,135.97,7569.81,10
2025-04-01 11:30:00,2025-04-01 15:15:00,SHORT,TIME_EXIT,76167.86,76107.66,304.67,334.77,602.0,83.62,518.38,11
2025-04-03 13:30:00,2025-04-03 15:15:00,SHORT,TIME_EXIT,76319.17,76272.54,305.28,328.59,466.3,82.79,383.51,13
2025-04-04 09:15:00,2025-04-04 15:15:00,SHORT,TIME_EXIT,75830.53,75405.27,303.32,515.95,4252.6,109.69,4142.91,9
2025-04-07 09:30:00,2025-04-07 15:00:00,SHORT,STOPPED,72652.45,73069.14676635392,290.61,82.26,-4166.97,45.44,-4212.41,9
2025-04-08 13:00:00,2025-04-08 13:30:00,LONG,STOPPED,74777.25,74447.5801317822,299.11,134.27,-3296.7,53.95,-3350.65,13
2025-04-11 10:45:00,2025-04-11 15:15:00,LONG,TIME_EXIT,75106.83,75227.74,300.43,360.88,1209.1,86.91,1122.19,10
2025-04-15 10:00:00,2025-04-15 15:15:00,LONG,TIME_EXIT,76756.21,76781.88,307.02,319.86,256.7,81.73,174.97,10
2025-04-16 11:30:00,2025-04-16 15:15:00,LONG,TIME_EXIT,76732.47,77022.45,306.93,451.92,2899.8,100.84,2798.96,11
2025-04-17 14:45:00,2025-04-17 15:15:00,LONG,TIME_EXIT,78556.92,78497.04,314.23,284.29,-598.8,77.41,-676.21,14
2025-04-21 09:15:00,2025-04-21 15:15:00,LONG,TIME_EXIT,78985.41,79366.01,315.94,506.24,3806.0,109.74,3696.26,9
2025-04-22 10:30:00,2025-04-22 14:45:00,LONG,STOPPED,79758.27,79518.99519,319.03,199.4,-2392.75,65.68,-2458.42,10
2025-04-23 10:15:00,2025-04-23 10:45:00,LONG,STOPPED,79850.73,79611.17781,319.4,199.63,-2395.52,65.75,-2461.27,10
2025-04-24 10:15:00,2025-04-24 14:45:00,LONG,STOPPED,80025.04,79784.96488,320.1,200.06,-2400.75,65.89,-2466.65,10
2025-04-25 10:15:00,2025-04-25 12:45:00,SHORT,STOPPED,78861.87,79098.45560999999,315.45,197.15,-2365.86,64.94,-2430.79,10
2025-04-28 10:45:00,2025-04-28 15:15:00,LONG,TIME_EXIT,80067.52,80150.41,320.27,361.72,828.9,89.32,739.58,10
2025-04-29 09:15:00,2025-04-29 09:30:00,LONG,STOPPED,80528.9,80287.3133,322.12,201.32,-2415.87,66.31,-2482.18,9
2025-04-29 09:45:00,2025-04-29 15:15:00,LONG,TIME_EXIT,80421.05,80241.71,321.68,232.01,-1793.4,70.7,-1864.1,9
2025-04-30 12:15:00,2025-04-30 15:15:00,LONG,STOPPED,80360.25,80119.16925,321.44,200.9,-2410.81,66.17,-2476.98,12
2025-05-05 13:45:00,2025-05-05 15:15:00,LONG,TIME_EXIT,80867.94,80816.8,323.47,297.9,-511.4,80.45,-591.85,13
2025-05-06 11:45:00,2025-05-06 15:15:00,SHORT,TIME_EXIT,80562.15,80487.55,322.25,359.55,746.0,89.23,656.77,11
2025-05-07 10:00:00,2025-05-07 11:15:00,SHORT,STOPPED,80410.34,80651.57102,321.64,201.03,-2412.31,66.21,-2478.52,10
2025-05-09 10:15:00,2025-05-09 15:15:00,SHORT,TIME_EXIT,79644.95,79559.37,318.58,361.37,855.8,89.07,766.73,10
2025-05-12 10:30:00,2025-05-12 15:15:00,LONG,T1,81671.0,82487.71,326.68,735.04,8167.1,144.1,8023.0,10
2025-05-14 13:30:00,2025-05-14 15:15:00,SHORT,STOPPED,81192.75,81436.32825,324.77,202.98,-2435.78,66.86,-2502.64,13
2025-05-15 09:30:00,2025-05-15 10:30:00,SHORT,STOPPED,80917.69,81160.44307000001,323.67,202.29,-2427.53,66.63,-2494.16,9
2025-05-15 13:15:00,2025-05-15 15:15:00,LONG,TIME_EXIT,82045.84,82463.15,328.18,536.84,4173.1,115.58,4057.52,13
2025-05-20 09:45:00,2025-05-20 15:15:00,SHORT,TIME_EXIT,81874.59,81272.85,327.5,628.37,6017.4,128.76,5888.64,9
2025-05-22 10:15:00,2025-05-22 15:15:00,SHORT,TIME_EXIT,80839.39,81009.61,323.36,238.25,-1702.2,71.8,-1774.0,10
2025-05-23 13:15:00,2025-05-23 15:15:00,LONG,TIME_EXIT,81818.27,81695.9,327.27,266.09,-1223.7,76.28,-1299.98,13
2025-05-26 09:15:00,2025-05-26 10:15:00,LONG,STOPPED,82332.98,82085.98105999999,329.33,205.83,-2469.99,67.8,-2537.78,9
2025-05-26 10:30:00,2025-05-26 15:15:00,LONG,TIME_EXIT,82127.14,82184.54,328.51,357.21,574.0,89.62,484.38,10
2025-05-27 10:30:00,2025-05-27 11:00:00,SHORT,STOPPED,81336.18,81580.18853999999,325.34,203.34,-2440.09,66.97,-2507.06,10
2025-05-29 12:00:00,2025-05-29 15:00:00,SHORT,STOPPED,81268.98,81512.78693999999,325.08,203.17,-2438.07,66.92,-2504.99,12
2025-05-30 09:45:00,2025-05-30 10:30:00,LONG,STOPPED,81552.81,81308.15157,326.21,203.88,-2446.58,67.15,-2513.74,9
2025-05-30 14:15:00,2025-05-30 15:15:00,LONG,TIME_EXIT,81478.86,81405.85,325.92,289.41,-730.1,79.5,-809.6,14
2025-06-03 11:30:00,2025-06-03 15:15:00,SHORT,TIME_EXIT,80960.41,80703.29,323.84,452.4,2571.2,102.86,2468.34,11
2025-06-05 09:30:00,2025-06-05 15:15:00,LONG,TIME_EXIT,81425.09,81442.19,325.7,334.25,171.0,85.97,85.03,9
2025-06-06 10:15:00,2025-06-06 15:15:00,LONG,TIME_EXIT,81667.82,82176.23,326.67,580.88,5084.1,121.78,4962.32,10
2025-06-09 09:30:00,2025-06-09 15:15:00,LONG,TIME_EXIT,82543.22,82463.36,330.17,290.24,-798.6,80.11,-878.71,9
2025-06-12 10:45:00,2025-06-12 15:15:00,SHORT,TIME_EXIT,82202.4,81646.79,328.81,606.61,5556.1,125.76,5430.34,10
2025-06-18 12:15:00,2025-06-18 15:15:00,SHORT,TIME_EXIT,81349.51,81429.58,325.4,285.36,-800.7,78.86,-879.56,12
2025-06-20 13:00:00,2025-06-20 15:15:00,LONG,TIME_EXIT,82181.28,82323.37,328.73,399.77,1420.9,95.8,1325.1,13
2025-06-23 13:45:00,2025-06-23 15:15:00,LONG,TIME_EXIT,82051.74,81860.73,328.21,232.7,-1910.1,71.56,-1981.66,13
2025-06-24 09:15:00,2025-06-24 09:45:00,LONG,STOPPED,82676.8,82428.7696,330.71,206.69,-2480.3,68.08,-2548.38,9
2025-06-24 10:00:00,2025-06-24 12:30:00,LONG,STOPPED,82773.17,82524.85049,331.09,206.93,-2483.2,68.16,-2551.35,10
2025-06-25 14:15:00,2025-06-25 15:15:00,LONG,TIME_EXIT,82795.66,82734.7,331.18,300.7,-609.6,81.74,-691.34,14
2025-06-26 09:15:00,2025-06-26 15:15:00,LONG,TIME_EXIT,83060.89,83708.93,332.24,656.26,6480.4,133.34,6347.06,9
2025-06-27 11:00:00,2025-06-27 15:15:00,LONG,TIME_EXIT,83927.09,84032.02,335.71,388.17,1049.3,94.93,954.37,11
2025-07-02 13:30:00,2025-07-02 15:00:00,SHORT,STOPPED,83211.11,83460.74333,332.84,208.03,-2496.33,68.52,-2564.85,13
2025-07-03 14:30:00,2025-07-03 15:15:00,SHORT,TIME_EXIT,83245.37,83257.05,332.98,327.14,-116.8,85.78,-202.58,14
2025-07-04 09:15:00,2025-07-04 15:15:00,SHORT,TIME_EXIT,83327.04,83467.81,333.31,262.92,-1407.7,76.52,-1484.22,9
2025-07-09 09:45:00,2025-07-09 14:45:00,LONG,STOPPED,83686.64,83435.58008,334.75,209.22,-2510.6,68.91,-2579.51,9
2025-07-10 10:00:00,2025-07-10 15:15:00,SHORT,TIME_EXIT,83350.74,83152.18,333.4,432.68,1985.6,101.11,1884.49,10
2025-07-11 10:00:00,2025-07-11 15:15:00,SHORT,TIME_EXIT,82825.28,82457.61,331.3,515.14,3676.7,112.8,3563.9,10
2025-07-14 10:15:00,2025-07-14 15:15:00,SHORT,TIME_EXIT,82324.14,82251.49,329.3,365.62,726.5,90.92,635.58,10
2025-07-15 15:15:00,2025-07-15 15:15:00,LONG,TIME_EXIT,82616.43,82616.43,330.47,330.47,0.0,85.97,-85.97,15
2025-07-16 10:30:00,2025-07-16 11:45:00,SHORT,STOPPED,82366.32,82613.41896000001,329.47,205.92,-2470.99,67.82,-2538.81,10
2025-07-16 13:30:00,2025-07-16 15:15:00,LONG,TIME_EXIT,82662.33,82623.88,330.65,311.42,-384.5,83.23,-467.73,13
2025-07-17 13:15:00,2025-07-17 15:15:00,SHORT,TIME_EXIT,82421.26,82271.45,329.69,404.59,1498.1,96.61,1401.49,13
2025-07-18 09:15:00,2025-07-18 15:15:00,SHORT,TIME_EXIT,82067.25,81740.09,328.27,491.85,3271.6,109.08,3162.52,9
2025-07-22 10:00:00,2025-07-22 15:15:00,LONG,TIME_EXIT,82329.61,82180.05,329.32,254.54,-1495.6,74.85,-1570.45,10
2025-07-23 10:00:00,2025-07-23 15:15:00,LONG,TIME_EXIT,82351.22,82680.58,329.4,494.08,3293.6,109.54,3184.06,10
2025-07-24 12:45:00,2025-07-24 15:15:00,SHORT,TIME_EXIT,82121.68,82147.36,328.49,315.65,-256.8,83.6,-340.4,12
2025-07-25 09:30:00,2025-07-25 15:15:00,SHORT,TIME_EXIT,81789.71,81451.94,327.16,496.04,3377.7,109.56,3268.14,9
2025-07-28 09:30:00,2025-07-28 10:15:00,SHORT,STOPPED,81267.88,81511.68364,325.07,203.17,-2438.04,66.92,-2504.95,9
2025-07-28 11:00:00,2025-07-28 15:15:00,SHORT,TIME_EXIT,81317.44,80868.66,325.27,549.66,4487.8,117.1,4370.7,11
2025-07-29 10:15:00,2025-07-29 12:30:00,SHORT,STOPPED,80704.51,80946.62353,322.82,201.76,-2421.14,66.45,-2487.59,10
2025-07-30 10:00:00,2025-07-30 15:15:00,LONG,TIME_EXIT,81405.87,81464.4,325.62,354.89,585.3,88.95,496.35,10
2025-07-31 10:00:00,2025-07-31 11:00:00,SHORT,STOPPED,80877.71,81120.34313000001,323.51,202.19,-2426.33,66.6,-2492.93,10
2025-08-01 15:15:00,2025-08-01 15:15:00,SHORT,TIME_EXIT,80584.32,80584.32,322.34,322.34,0.0,83.86,-83.86,15
2025-08-04 09:30:00,2025-08-04 11:15:00,SHORT,STOPPED,80639.24,80881.15772,322.56,201.6,-2419.18,66.4,-2485.58,9
2025-08-06 10:45:00,2025-08-06 12:15:00,SHORT,STOPPED,80463.06,80704.44918,321.85,201.16,-2413.89,66.26,-2480.15,10
2025-08-06 14:45:00,2025-08-06 15:15:00,SHORT,TIME_EXIT,80535.95,80553.92,322.14,313.16,-179.7,82.5,-262.2,14
2025-08-07 09:30:00,2025-08-07 15:00:00,SHORT,STOPPED,80305.47,80546.38641,321.22,200.76,-2409.16,66.13,-2475.29,9
2025-08-08 11:45:00,2025-08-08 15:15:00,SHORT,TIME_EXIT,80075.56,79837.24,320.3,439.46,2383.2,100.58,2282.62,11
2025-08-11 09:30:00,2025-08-11 10:30:00,SHORT,STOPPED,79913.81,80153.55142999999,319.66,199.78,-2397.41,65.8,-2463.22,9
2025-08-11 14:00:00,2025-08-11 15:15:00,LONG,TIME_EXIT,80403.89,80514.19,321.62,376.77,1103.0,91.65,1011.35,14
2025-08-12 09:15:00,2025-08-12 11:00:00,LONG,STOPPED,80699.99,80457.89003000001,322.8,201.75,-2421.0,66.45,-2487.45,9
2025-08-13 12:30:00,2025-08-13 15:15:00,LONG,TIME_EXIT,80546.32,80579.98,322.19,339.02,336.6,86.25,250.35,12
2025-08-14 10:30:00,2025-08-14 15:15:00,LONG,TIME_EXIT,80720.85,80547.36,322.88,236.14,-1734.9,71.44,-1806.34,10
2025-08-18 12:45:00,2025-08-18 15:15:00,LONG,TIME_EXIT,81454.72,81298.52,325.82,247.72,-1562.0,73.45,-1635.45,12
2025-08-19 10:00:00,2025-08-19 15:15:00,LONG,TIME_EXIT,81449.05,81706.93,325.8,454.74,2578.8,103.42,2475.38,10
2025-08-20 10:30:00,2025-08-20 15:15:00,LONG,TIME_EXIT,81771.14,81838.41,327.08,360.72,672.7,89.96,582.74,10
2025-08-21 09:45:00,2025-08-21 15:15:00,LONG,TIME_EXIT,82102.13,81981.29,328.41,267.99,-1208.4,76.69,-1285.09,9
2025-08-22 12:45:00,2025-08-22 15:15:00,SHORT,TIME_EXIT,81464.3,81329.54,325.86,393.24,1347.6,94.53,1253.07,12
2025-08-25 09:45:00,2025-08-25 12:45:00,SHORT,STOPPED,81474.56,81718.98368,325.9,203.69,-2444.24,67.09,-2511.33,9
2025-08-26 10:30:00,2025-08-26 15:15:00,SHORT,TIME_EXIT,81024.8,80820.08,324.1,426.46,2047.2,99.13,1948.07,10
2025-08-28 09:15:00,2025-08-28 10:00:00,SHORT,STOPPED,80162.68,80403.16803999999,320.65,200.41,-2404.88,66.01,-2470.89,9
2025-08-28 10:30:00,2025-08-28 15:15:00,SHORT,TIME_EXIT,80405.63,80204.43,321.62,422.22,2012.0,98.23,1913.77,10
2025-09-02 09:30:00,2025-09-02 13:45:00,LONG,STOPPED,80564.93,80323.23521,322.26,201.41,-2416.95,66.34,-2483.29,9
2025-09-03 11:15:00,2025-09-03 13:45:00,SHORT,STOPPED,80109.0,80349.327,320.44,200.27,-2403.27,65.96,-2469.23,11
2025-09-08 10:30:00,2025-09-08 15:15:00,LONG,TIME_EXIT,80877.98,80841.43,323.51,305.24,-365.5,81.51,-447.01,10
2025-09-09 09:45:00,2025-09-09 15:15:00,LONG,TIME_EXIT,81060.67,81107.04,324.24,347.43,463.7,87.71,375.99,9
2025-09-10 09:15:00,2025-09-10 14:30:00,LONG,STOPPED,81510.18,81265.64945999999,326.04,203.78,-2445.31,67.12,-2512.42,9
2025-09-11 09:15:00,2025-09-11 15:15:00,LONG,TIME_EXIT,81486.58,81532.17,325.95,348.74,455.9,88.09,367.81,9
2025-09-12 09:45:00,2025-09-12 15:15:00,LONG,TIME_EXIT,81720.23,81898.09,326.88,415.81,1778.6,97.91,1680.69,9
2025-09-16 11:00:00,2025-09-16 15:15:00,LONG,TIME_EXIT,82111.0,82422.56,328.44,484.22,3115.6,108.0,3007.6,11
2025-09-17 09:15:00,2025-09-17 15:15:00,LONG,TIME_EXIT,82581.82,82711.86,330.33,395.35,1300.4,95.35,1205.05,9
2025-09-18 09:15:00,2025-09-18 13:00:00,LONG,STOPPED,83047.48,82798.33756,332.19,207.62,-2491.42,68.38,-2559.81,9
2025-09-22 10:00:00,2025-09-22 15:15:00,SHORT,TIME_EXIT,82504.2,82188.55,330.02,487.84,3156.5,108.7,3047.8,10
2025-09-23 09:15:00,2025-09-23 14:00:00,SHORT,STOPPED,82119.22,82365.57766,328.48,205.3,-2463.58,67.62,-2531.2,9
2025-09-24 10:15:00,2025-09-24 15:15:00,SHORT,TIME_EXIT,81844.44,81739.93,327.38,379.63,1045.1,92.73,952.37,10
2025-09-25 10:45:00,2025-09-25 15:15:00,SHORT,TIME_EXIT,81543.44,81194.99,326.17,500.4,3484.5,110.08,3374.42,10
2025-09-26 09:15:00,2025-09-26 15:15:00,SHORT,TIME_EXIT,80835.08,80493.62,323.34,494.07,3414.6,108.83,3305.77,9
2025-09-30 09:30:00,2025-09-30 15:15:00,SHORT,TIME_EXIT,80414.8,80350.31,321.66,353.9,644.9,88.35,556.55,9
2025-10-01 13:00:00,2025-10-01 15:15:00,LONG,TIME_EXIT,80793.95,81034.47,323.18,443.44,2405.2,101.48,2303.72,13
2025-10-03 12:00:00,2025-10-03 15:15:00,LONG,TIME_EXIT,81026.82,81196.9,324.11,409.15,1700.8,96.63,1604.17,12
2025-10-06 09:30:00,2025-10-06 15:15:00,LONG,TIME_EXIT,81380.29,81784.48,325.52,527.62,4041.9,113.94,3927.96,9
2025-10-07 09:30:00,2025-10-07 15:15:00,LONG,TIME_EXIT,82034.56,81951.98,328.14,286.85,-825.8,79.39,-905.19,9
2025-10-08 09:45:00,2025-10-08 10:45:00,LONG,STOPPED,82161.74,81915.25478,328.65,205.4,-2464.85,67.65,-2532.51,9
2025-10-09 10:00:00,2025-10-09 11:00:00,SHORT,STOPPED,81698.0,81943.094,326.79,204.25,-2450.94,67.27,-2518.21,10
2025-10-10 09:30:00,2025-10-10 15:15:00,LONG,TIME_EXIT,82456.73,82470.9,329.83,336.91,141.7,86.83,54.87,9
2025-10-13 15:15:00,2025-10-13 15:15:00,LONG,TIME_EXIT,82343.59,82343.59,329.37,329.37,0.0,85.69,-85.69,15
2025-10-14 09:15:00,2025-10-14 09:45:00,LONG,STOPPED,82545.44,82297.80368,330.18,206.36,-2476.36,67.97,-2544.33,9
2025-10-14 11:00:00,2025-10-14 15:15:00,SHORT,TIME_EXIT,82159.17,81958.63,328.64,428.91,2005.4,100.01,1905.39,11
2025-10-15 13:15:00,2025-10-15 15:15:00,LONG,TIME_EXIT,82680.79,82625.05,330.72,302.85,-557.4,82.0,-639.4,13
2025-10-16 09:15:00,2025-10-16 15:15:00,LONG,TIME_EXIT,82949.12,83385.4,331.8,549.94,4362.8,117.9,4244.9,9
2025-10-17 09:15:00,2025-10-17 15:15:00,LONG,TIME_EXIT,83529.37,83944.29,334.12,541.58,4149.2,116.95,4032.25,9
2025-10-20 10:00:00,2025-10-20 14:45:00,LONG,STOPPED,84460.2,84206.8194,337.84,211.15,-2533.81,69.55,-2603.35,10
2025-10-21 14:00:00,2025-10-21 14:30:00,LONG,STOPPED,84543.12,84289.49063999999,338.17,211.36,-2536.29,69.62,-2605.91,14
2025-10-23 09:15:00,2025-10-23 14:00:00,LONG,STOPPED,85084.04,84828.78787999999,340.34,212.71,-2552.52,70.06,-2622.58,9
2025-10-24 11:15:00,2025-10-24 15:15:00,SHORT,TIME_EXIT,84275.37,84236.11,337.1,356.73,392.6,90.54,302.06,11
2025-10-28 14:15:00,2025-10-28 15:00:00,SHORT,STOPPED,84278.32,84531.15496,337.11,210.7,-2528.35,69.4,-2597.75,14
2025-10-29 10:00:00,2025-10-29 15:15:00,LONG,TIME_EXIT,84779.62,85036.51,339.12,467.56,2568.9,106.82,2462.08,10
2025-10-30 12:45:00,2025-10-30 15:15:00,SHORT,TIME_EXIT,84507.56,84468.4,338.03,357.61,391.6,90.77,300.83,12
2025-10-31 10:15:00,2025-10-31 15:15:00,SHORT,TIME_EXIT,84293.25,83955.14,337.17,506.23,3381.1,112.19,3268.91,10
2025-11-03 09:15:00,2025-11-03 09:45:00,SHORT,STOPPED,83708.86,83959.98658,334.84,209.27,-2511.27,68.93,-2580.19,9
2025-11-03 10:00:00,2025-11-03 14:15:00,SHORT,STOPPED,83828.57,84080.05571,335.31,209.57,-2514.86,69.03,-2583.88,10
2025-11-06 10:15:00,2025-11-06 15:15:00,SHORT,TIME_EXIT,83415.71,83368.55,333.66,357.24,471.6,90.22,381.38,10
2025-11-07 09:15:00,2025-11-07 11:15:00,SHORT,STOPPED,82769.14,83017.44742,331.08,206.92,-2483.07,68.15,-2551.23,9
2025-11-10 10:45:00,2025-11-10 15:15:00,LONG,TIME_EXIT,83609.46,83515.12,334.44,287.27,-943.4,80.17,-1023.57,10
2025-11-14 11:30:00,2025-11-14 15:00:00,SHORT,STOPPED,84173.72,84426.24116,336.69,210.43,-2525.21,69.31,-2594.52,11
2025-11-17 12:00:00,2025-11-17 15:15:00,LONG,TIME_EXIT,84806.31,84920.41,339.23,396.28,1141.0,96.51,1044.49,12
2025-11-18 13:00:00,2025-11-18 15:15:00,LONG,TIME_EXIT,84823.65,84625.99,339.29,240.46,-1976.6,73.96,-2050.56,13
2025-11-19 11:15:00,2025-11-19 15:15:00,LONG,TIME_EXIT,84856.53,85160.45,339.43,491.39,3039.2,110.3,2928.9,11
2025-11-20 10:00:00,2025-11-20 15:15:00,LONG,TIME_EXIT,85333.98,85638.5,341.34,493.6,3045.2,110.84,2934.36,10
2025-11-21 14:00:00,2025-11-21 14:45:00,LONG,STOPPED,85488.98,85232.51306,341.96,213.72,-2564.67,70.39,-2635.06,14
2025-11-25 14:45:00,2025-11-25 15:15:00,SHORT,TIME_EXIT,84666.76,84542.46,338.67,400.82,1243.0,97.1,1145.9,14
2025-11-27 09:15:00,2025-11-27 13:00:00,LONG,STOPPED,85920.65,85662.88805,343.68,214.8,-2577.62,70.75,-2648.37,9
2025-11-28 11:30:00,2025-11-28 15:15:00,LONG,TIME_EXIT,85856.06,85700.29,343.42,265.54,-1557.7,78.07,-1635.77,11
2025-12-01 10:00:00,2025-12-01 11:45:00,LONG,STOPPED,86005.71,85747.69287000001,344.02,215.01,-2580.17,70.82,-2650.99,10
2025-12-01 14:45:00,2025-12-01 15:15:00,SHORT,TIME_EXIT,85528.53,85636.29,342.11,288.23,-1077.6,81.2,-1158.8,14
2025-12-02 09:30:00,2025-12-02 15:15:00,SHORT,TIME_EXIT,85301.8,85233.52,341.21,375.35,682.8,93.71,589.09,9
2025-12-03 09:15:00,2025-12-03 15:15:00,SHORT,TIME_EXIT,84947.65,85118.63,339.79,254.3,-1709.8,76.02,-1785.82,9
2025-12-05 12:30:00,2025-12-05 15:15:00,LONG,TIME_EXIT,85747.24,85698.74,342.99,318.74,-485.0,85.72,-570.72,12
2025-12-08 12:45:00,2025-12-08 15:15:00,SHORT,TIME_EXIT,85243.19,84990.2,340.97,467.47,2529.9,107.02,2422.88,12
2025-12-09 09:15:00,2025-12-09 12:00:00,SHORT,STOPPED,84619.8,84873.6594,338.48,211.55,-2538.59,69.68,-2608.27,9
2025-12-10 13:45:00,2025-12-10 15:15:00,SHORT,TIME_EXIT,84497.35,84376.7,337.99,398.31,1206.5,96.66,1109.84,13
2025-12-12 09:15:00,2025-12-12 15:15:00,LONG,TIME_EXIT,85192.09,85264.17,340.77,376.81,720.8,93.87,626.93,9
2025-12-15 12:15:00,2025-12-15 15:15:00,LONG,TIME_EXIT,85220.26,85193.08,340.88,327.29,-271.8,86.71,-358.51,12
2025-12-16 15:00:00,2025-12-16 15:15:00,SHORT,TIME_EXIT,84685.32,84647.03,338.74,357.89,382.9,90.89,292.01,15
2025-12-17 10:00:00,2025-12-17 15:15:00,SHORT,TIME_EXIT,84614.18,84582.28,338.46,354.41,319.0,90.36,228.64,10
2025-12-19 09:45:00,2025-12-19 15:15:00,LONG,TIME_EXIT,84978.13,84912.93,339.91,307.31,-652.0,83.71,-735.71,9
2025-12-22 09:15:00,2025-12-22 15:15:00,LONG,TIME_EXIT,85405.82,85544.81,341.62,411.12,1389.9,98.93,1290.97,9
2025-12-23 10:00:00,2025-12-23 15:15:00,LONG,TIME_EXIT,85574.26,85499.6,342.3,304.97,-746.6,83.64,-830.24,10
2025-12-24 09:45:00,2025-12-24 14:15:00,LONG,STOPPED,85643.71,85386.77887000001,342.57,214.11,-2569.31,70.52,-2639.83,9
2025-12-26 11:15:00,2025-12-26 15:15:00,SHORT,TIME_EXIT,85143.26,85081.12,340.57,371.64,621.4,93.1,528.3,11
2025-12-29 12:15:00,2025-12-29 15:15:00,SHORT,TIME_EXIT,84770.01,84707.68,339.08,370.25,623.3,92.72,530.58,12
2025-12-30 11:00:00,2025-12-30 15:15:00,SHORT,TIME_EXIT,84624.25,84803.17,338.5,249.04,-1789.2,75.11,-1864.31,11
2025-12-31 11:30:00,2025-12-31 15:15:00,LONG,TIME_EXIT,85019.85,85208.64,340.08,434.47,1887.9,102.14,1785.76,11
2026-01-01 09:30:00,2026-01-01 12:15:00,LONG,STOPPED,85410.48,85154.24855999999,341.64,213.53,-2562.31,70.33,-2632.64,9
2026-01-02 10:30:00,2026-01-02 15:15:00,LONG,TIME_EXIT,85521.96,85810.29,342.09,486.25,2883.3,109.86,2773.44,10
2026-01-05 09:45:00,2026-01-05 14:00:00,LONG,STOPPED,85682.22,85425.17334,342.73,214.21,-2570.47,70.55,-2641.02,9
2026-01-06 09:15:00,2026-01-06 09:45:00,SHORT,STOPPED,85078.23,85333.46469,340.31,212.7,-2552.35,70.06,-2622.4,9
2026-01-06 10:00:00,2026-01-06 15:15:00,SHORT,TIME_EXIT,85301.77,85027.58,341.21,478.3,2741.9,108.61,2633.29,10
2026-01-07 09:30:00,2026-01-07 15:15:00,SHORT,TIME_EXIT,84854.71,84968.05,339.42,282.75,-1133.4,80.09,-1213.49,9
2026-01-08 15:00:00,2026-01-08 15:15:00,SHORT,TIME_EXIT,84187.72,84162.02,336.75,349.6,257.0,89.47,167.53,15
2026-01-09 09:15:00,2026-01-09 15:15:00,SHORT,TIME_EXIT,84081.47,83638.66,336.33,557.73,4428.1,119.55,4308.55,9
2026-01-12 09:30:00,2026-01-12 12:15:00,SHORT,STOPPED,83148.74,83398.18622,332.59,207.87,-2494.46,68.47,-2562.93,9
2026-01-13 13:45:00,2026-01-13 15:00:00,SHORT,STOPPED,83421.48,83671.74444,333.69,208.55,-2502.64,68.69,-2571.34,13
2026-01-16 11:15:00,2026-01-16 13:00:00,LONG,STOPPED,83925.69,83673.91293,335.7,209.81,-2517.77,69.11,-2586.88,11
2026-01-20 10:30:00,2026-01-20 15:15:00,SHORT,T1,82968.57,82138.8843,331.87,746.72,8296.86,146.39,8150.46,10
2026-01-21 09:15:00,2026-01-21 10:45:00,SHORT,T1,82006.86,81186.7914,328.03,738.06,8200.69,144.7,8055.99,9
2026-01-21 11:15:00,2026-01-21 12:00:00,SHORT,STOPPED,81479.71,81724.14913,325.92,203.7,-2444.39,67.09,-2511.48,11
2026-01-21 14:00:00,2026-01-21 15:15:00,SHORT,TIME_EXIT,81894.92,81919.06,327.58,315.51,-241.4,83.47,-324.87,14
2026-01-23 12:45:00,2026-01-23 15:15:00,SHORT,TIME_EXIT,82012.81,81575.99,328.05,546.46,4368.2,116.96,4251.24,12
2026-01-27 10:45:00,2026-01-27 11:15:00,SHORT,STOPPED,81250.25,81494.00075,325.0,203.13,-2437.51,66.9,-2504.41,10
2026-01-28 09:45:00,2026-01-28 13:15:00,LONG,STOPPED,82275.8,82028.97260000001,329.1,205.69,-2468.27,67.75,-2536.02,9
2026-01-28 14:45:00,2026-01-28 15:15:00,LONG,TIME_EXIT,82274.2,82339.07,329.1,361.53,648.7,90.31,558.39,14
2026-01-29 12:00:00,2026-01-29 15:15:00,LONG,TIME_EXIT,82141.85,82532.41,328.57,523.85,3905.6,113.75,3791.85,12
2026-01-30 14:45:00,2026-01-30 15:15:00,LONG,TIME_EXIT,82363.57,82261.15,329.45,278.24,-1024.2,78.29,-1102.49,14
2026-02-01 10:30:00,2026-02-01 11:45:00,LONG,STOPPED,82504.72,82257.20584,330.02,206.26,-2475.14,67.94,-2543.08,10
2026-02-01 13:15:00,2026-02-01 15:15:00,SHORT,T1,81584.45,80768.60549999999,326.34,734.26,8158.45,143.95,8014.49,13
2026-02-02 09:30:00,2026-02-02 13:45:00,SHORT,STOPPED,80988.97,81338.44611815311,323.96,149.22,-3494.76,58.98,-3553.74,9
2026-02-03 10:15:00,2026-02-03 15:15:00,LONG,TIME_EXIT,83929.38,83703.39,335.72,222.72,-2259.9,70.98,-2330.88,10
2026-02-04 14:00:00,2026-02-04 15:15:00,LONG,TIME_EXIT,83853.42,83713.53,335.41,265.47,-1398.9,77.13,-1476.03,14
2026-02-06 09:30:00,2026-02-06 11:15:00,SHORT,STOPPED,82993.23,83242.20968999999,331.97,207.48,-2489.8,68.34,-2558.14,9
2026-02-06 12:30:00,2026-02-06 13:45:00,SHORT,STOPPED,83094.39,83343.67317,332.38,207.74,-2492.83,68.42,-2561.25,12
2026-02-09 10:30:00,2026-02-09 15:15:00,LONG,TIME_EXIT,84050.94,84043.49,336.2,332.48,-74.5,86.92,-161.42,10
2026-02-11 10:30:00,2026-02-11 12:30:00,LONG,STOPPED,84344.1,84091.0677,337.38,210.86,-2530.32,69.45,-2599.77,10
2026-02-12 10:15:00,2026-02-12 15:15:00,SHORT,TIME_EXIT,83939.66,83620.64,335.76,495.27,3190.2,110.44,3079.76,10
2026-02-13 09:45:00,2026-02-13 15:15:00,SHORT,TIME_EXIT,82827.07,82591.27,331.31,449.21,2358.0,103.26,2254.74,9
2026-02-16 09:30:00,2026-02-16 10:00:00,SHORT,STOPPED,82578.23,82825.96469,330.31,206.45,-2477.35,68.0,-2545.34,9
2026-02-17 10:00:00,2026-02-17 15:15:00,LONG,TIME_EXIT,83348.52,83434.1,333.39,376.18,855.8,92.93,762.87,10
2026-02-18 14:15:00,2026-02-18 15:15:00,LONG,TIME_EXIT,83629.46,83691.01,334.52,365.29,615.5,91.48,524.02,14
2026-02-19 15:00:00,2026-02-19 15:15:00,SHORT,TIME_EXIT,82455.04,82348.18,329.82,383.25,1068.6,93.54,975.06,15
2026-02-20 09:15:00,2026-02-20 09:30:00,SHORT,STOPPED,82227.83,82474.51349,328.91,205.57,-2466.83,67.71,-2534.54,9
2026-02-20 10:00:00,2026-02-20 10:15:00,SHORT,STOPPED,82544.51,82792.14353,330.18,206.36,-2476.34,67.97,-2544.3,10
2026-02-24 09:30:00,2026-02-24 15:15:00,SHORT,TIME_EXIT,82530.19,82323.31,330.12,433.56,2068.8,100.86,1967.94,9
2026-02-27 09:30:00,2026-02-27 15:15:00,SHORT,TIME_EXIT,81890.88,81316.53,327.56,614.74,5743.5,126.79,5616.71,9
2026-03-02 10:00:00,2026-03-02 13:45:00,SHORT,T1,80302.08,79499.0592,321.21,722.72,8030.21,141.69,7888.52,10
2026-03-04 09:15:00,2026-03-04 11:00:00,SHORT,STOPPED,78570.95,78922.20402857463,314.28,138.66,-3512.54,56.33,-3568.87,9
2026-03-05 15:15:00,2026-03-05 15:15:00,LONG,TIME_EXIT,79927.11,79927.11,319.71,319.71,0.0,83.17,-83.17,15
2026-03-06 11:00:00,2026-03-06 15:15:00,SHORT,TIME_EXIT,79522.32,78988.3,318.09,585.1,5340.2,121.41,5218.79,11
2026-03-09 09:15:00,2026-03-09 10:45:00,SHORT,STOPPED,76561.05,76911.95709062315,306.24,130.79,-3509.07,54.27,-3563.34,9
2026-03-09 13:00:00,2026-03-09 14:30:00,SHORT,STOPPED,77059.93,77311.10785722836,308.24,182.65,-2511.78,62.01,-2573.78,13
2026-03-12 09:15:00,2026-03-12 09:45:00,SHORT,STOPPED,76053.16,76282.1157686086,304.21,189.73,-2289.56,62.57,-2352.12,9
2026-03-12 10:00:00,2026-03-12 10:30:00,SHORT,STOPPED,76068.05,76305.53957493918,304.27,185.53,-2374.9,61.96,-2436.86,10
2026-03-12 12:30:00,2026-03-12 13:30:00,SHORT,STOPPED,76361.68,76590.76504,305.45,190.9,-2290.85,62.88,-2353.73,12
2026-03-13 11:00:00,2026-03-13 11:30:00,SHORT,STOPPED,75107.38,75332.70214000001,300.43,187.77,-2253.22,61.85,-2315.07,11
2026-03-13 12:15:00,2026-03-13 15:15:00,SHORT,TIME_EXIT,74976.96,74646.63,299.91,465.07,3303.3,101.93,3201.37,12
2026-03-16 09:15:00,2026-03-16 09:30:00,SHORT,STOPPED,74578.99,74802.72697,298.32,186.45,-2237.37,61.41,-2298.78,9
2026-03-16 09:45:00,2026-03-16 14:15:00,SHORT,STOPPED,74585.99,74827.83564874702,298.34,177.42,-2418.46,60.11,-2478.56,9
2026-03-17 12:45:00,2026-03-17 15:15:00,LONG,TIME_EXIT,75748.64,76006.31,302.99,431.83,2576.7,97.48,2479.22,12
2026-03-18 09:30:00,2026-03-18 10:00:00,LONG,STOPPED,76502.17,76263.01766270635,306.01,186.43,-2391.52,62.3,-2453.82,9
2026-03-18 10:15:00,2026-03-18 15:15:00,LONG,TIME_EXIT,76552.96,76678.3,306.21,368.88,1253.4,88.73,1164.67,10
2026-03-19 12:15:00,2026-03-19 14:45:00,SHORT,T1,75042.6,74292.174,300.17,675.38,7504.26,132.41,7371.85,12
2026-03-20 15:00:00,2026-03-20 15:15:00,SHORT,TIME_EXIT,74511.33,74595.78,298.05,255.82,-844.5,71.42,-915.92,15
2026-03-23 09:15:00,2026-03-23 15:15:00,SHORT,TIME_EXIT,73225.02,72619.69,292.9,595.57,6053.3,120.02,5933.28,9
2026-03-25 09:15:00,2026-03-25 12:00:00,LONG,T1,74985.81,75735.6681,299.94,674.87,7498.58,132.31,7366.27,9
2026-03-27 11:45:00,2026-03-27 15:15:00,SHORT,TIME_EXIT,74045.41,73664.15,296.18,486.81,3812.6,104.65,3707.95,11
2026-03-30 09:45:00,2026-03-30 14:15:00,SHORT,T1,72820.05,72091.8495,291.28,655.38,7282.01,128.49,7153.52,9
2026-03-30 14:30:00,2026-03-30 15:15:00,SHORT,TIME_EXIT,72057.65,72100.15,288.23,266.98,-425.0,71.91,-496.91,14
2026-04-01 14:45:00,2026-04-01 15:15:00,SHORT,TIME_EXIT,73063.35,73245.56,292.25,201.15,-1822.1,62.84,-1884.94,14
2026-04-02 09:15:00,2026-04-02 12:30:00,SHORT,STOPPED,71724.33,72058.58622574028,286.9,119.77,-3342.56,50.44,-3393.0,9
2026-04-06 10:00:00,2026-04-06 11:00:00,LONG,STOPPED,73069.04,72752.82116268603,292.28,134.17,-3162.19,53.14,-3215.33,10
2026-04-06 11:45:00,2026-04-06 14:00:00,LONG,T1,73161.22,73892.8322,292.64,658.45,7316.12,129.09,7187.03,11
2026-04-07 09:45:00,2026-04-07 15:00:00,LONG,T1,73839.75,74578.1475,295.36,664.56,7383.98,130.29,7253.69,9
2026-04-07 15:15:00,2026-04-07 15:15:00,LONG,TIME_EXIT,74623.35,74623.35,298.49,298.49,0.0,77.65,-77.65,15
2026-04-08 09:30:00,2026-04-08 15:15:00,LONG,TIME_EXIT,77334.32,77600.43,309.34,442.39,2661.1,99.74,2561.36,9
2026-04-10 11:00:00,2026-04-10 15:15:00,LONG,TIME_EXIT,77420.02,77537.29,309.68,368.32,1172.7,89.05,1083.65,11
2026-04-15 09:30:00,2026-04-15 15:15:00,LONG,TIME_EXIT,78037.75,78052.34,312.15,319.45,145.9,82.26,63.64,9
2026-04-16 09:15:00,2026-04-16 09:30:00,LONG,STOPPED,78677.52,78441.48744,314.71,196.69,-2360.33,64.79,-2425.11,9
2026-04-16 10:00:00,2026-04-16 11:45:00,LONG,STOPPED,78367.16,78132.05852,313.47,195.92,-2351.01,64.53,-2415.54,10
2026-04-17 11:00:00,2026-04-17 15:15:00,LONG,TIME_EXIT,78242.46,78522.33,312.97,452.9,2798.7,101.68,2697.02,11
2026-04-20 10:15:00,2026-04-20 15:15:00,LONG,STOPPED,78734.69,78498.48593,314.94,196.84,-2362.04,64.83,-2426.87,10
2026-04-21 09:30:00,2026-04-21 15:15:00,LONG,TIME_EXIT,78892.49,79278.77,315.57,508.71,3862.8,110.06,3752.74,9
2026-04-22 12:00:00,2026-04-22 15:15:00,SHORT,TIME_EXIT,78635.33,78500.25,314.54,382.08,1350.8,91.61,1259.19,12
2026-04-23 10:00:00,2026-04-23 15:15:00,SHORT,TIME_EXIT,78055.96,77611.25,312.22,534.58,4447.1,113.42,4333.68,10
2026-04-28 10:15:00,2026-04-28 11:15:00,LONG,STOPPED,77433.27,77200.97019000001,309.73,193.58,-2323.0,63.76,-2386.76,10
2026-04-28 13:15:00,2026-04-28 15:15:00,SHORT,TIME_EXIT,76983.35,76964.64,307.93,317.29,187.1,81.46,105.64,13
2026-04-29 11:00:00,2026-04-29 14:00:00,LONG,STOPPED,77841.62,77608.09513999999,311.37,194.6,-2335.25,64.1,-2399.35,11
2026-05-04 10:15:00,2026-05-04 12:00:00,LONG,STOPPED,77563.5,77329.88101854922,310.25,193.44,-2336.19,63.8,-2399.99,10
2026-05-05 09:30:00,2026-05-05 15:15:00,SHORT,TIME_EXIT,76953.64,77085.95,307.81,241.66,-1323.1,70.5,-1393.6,9
2026-05-06 10:00:00,2026-05-06 11:30:00,LONG,STOPPED,77297.67,77065.77699,309.19,193.24,-2318.93,63.65,-2382.58,10
2026-05-11 09:30:00,2026-05-11 11:15:00,SHORT,STOPPED,76244.46,76473.19338000001,304.98,190.61,-2287.33,62.78,-2350.12,9
2026-05-11 14:15:00,2026-05-11 15:15:00,SHORT,TIME_EXIT,76421.23,76033.38,305.68,499.61,3878.5,107.6,3770.9,14
2026-05-12 09:15:00,2026-05-12 15:00:00,SHORT,T1,75349.43,74595.93569999999,301.4,678.14,7534.94,132.95,7401.99,9
2026-05-13 09:15:00,2026-05-13 10:15:00,SHORT,STOPPED,74470.76,74694.17228,297.88,186.18,-2234.12,61.32,-2295.44,9
2026-05-13 11:15:00,2026-05-13 11:30:00,SHORT,STOPPED,74546.31,74769.94893,298.19,186.37,-2236.39,61.38,-2297.77,11
2026-05-14 09:45:00,2026-05-14 10:30:00,SHORT,STOPPED,74692.58,74916.65774,298.77,186.73,-2240.78,61.5,-2302.28,9
2026-05-15 09:30:00,2026-05-15 11:00:00,LONG,STOPPED,75750.91,75523.65727000001,303.0,189.38,-2272.53,62.38,-2334.9,9
2026-05-19 09:15:00,2026-05-19 09:30:00,LONG,STOPPED,75695.64,75468.55308,302.78,189.24,-2270.87,62.33,-2333.2,9
2026-05-19 10:00:00,2026-05-19 13:30:00,LONG,STOPPED,75684.53,75457.47641,302.74,189.21,-2270.54,62.32,-2332.86,10
2026-05-20 10:00:00,2026-05-20 10:30:00,SHORT,STOPPED,74797.99,75022.38397000001,299.19,186.99,-2243.94,61.59,-2305.53,10
2026-05-21 10:30:00,2026-05-21 11:00:00,LONG,STOPPED,75568.66,75341.95402,302.27,188.92,-2267.06,62.23,-2329.29,10
2026-05-22 12:00:00,2026-05-22 14:30:00,LONG,STOPPED,75683.5,75456.4495,302.73,189.21,-2270.5,62.32,-2332.82,12
2026-05-25 09:15:00,2026-05-25 15:15:00,LONG,TIME_EXIT,76286.44,76547.21,305.15,435.53,2607.7,98.26,2509.44,9
2026-05-26 09:15:00,2026-05-26 12:45:00,LONG,STOPPED,76476.49,76247.06053,305.91,191.19,-2294.29,62.97,-2357.27,9
2026-05-27 12:00:00,2026-05-27 15:15:00,SHORT,TIME_EXIT,76008.02,75913.09,304.03,351.5,949.3,85.96,863.34,12
2026-05-29 14:45:00,2026-05-29 15:00:00,SHORT,T1,75532.35,74777.0265,302.13,679.79,7553.23,133.27,7419.96,14
2026-06-01 09:15:00,2026-06-01 14:45:00,SHORT,T1,74961.78,74212.16219999999,299.85,674.66,7496.18,132.27,7363.91,9
2026-06-01 15:00:00,2026-06-01 15:15:00,SHORT,TIME_EXIT,74287.66,74297.9,297.15,292.03,-102.4,76.56,-178.96,15
2026-06-02 10:00:00,2026-06-02 10:15:00,SHORT,STOPPED,73974.51,74196.43353,295.9,184.94,-2219.24,60.91,-2280.15,10
2026-06-02 11:30:00,2026-06-02 12:45:00,SHORT,STOPPED,74074.44,74296.66332,296.3,185.19,-2222.23,60.99,-2283.23,11
2026-06-05 10:00:00,2026-06-05 10:30:00,LONG,STOPPED,74577.77,74354.03669000001,298.31,186.44,-2237.33,61.41,-2298.74,10
2026-06-05 13:30:00,2026-06-05 14:30:00,SHORT,STOPPED,74033.3,74255.3999,296.13,185.08,-2221.0,60.96,-2281.96,13
