indexSymbol,strategyName,signalSource,setupKey,direction,optionType,strike,entryAt,exitAt,entrySpot,exitSpot,optionEntry,optionExit,lots,lotSize,qty,pnl,exitReason,confidence,tier,regime,modeled
NIFTY,,ENGINE,EMA_PULLBACK,BULLISH,CALL,24100,2026-04-27T11:44:03.331Z,2026-04-27T11:44:03.903Z,,24110.1992,,,1,75,75,,EXPIRED_TRIGGERED,65,HIGH_CONVICTION,,false
SENSEX,,ENGINE,EMA_PULLBACK,BULLISH,CALL,77300,2026-04-27T11:44:03.741Z,2026-04-27T11:44:03.903Z,,77303.5625,,,1,10,10,,EXPIRED_TRIGGERED,65,HIGH_CONVICTION,,false
NIFTY,,ENGINE,EMA_PULLBACK,BULLISH,CALL,24100,2026-04-27T19:09:15.543Z,2026-04-28T10:59:09.410Z,,24110.1992,,,1,75,75,,EXPIRED_TRIGGERED,65,HIGH_CONVICTION,,false
SENSEX,,ENGINE,EMA_PULLBACK,BULLISH,CALL,77300,2026-04-27T19:09:15.994Z,2026-04-28T10:59:09.410Z,,77303.5625,,,1,10,10,,EXPIRED_TRIGGERED,65,HIGH_CONVICTION,,false
NIFTY,,ENGINE,BASELINE,BEARISH,PUT,24050,2026-04-28T07:01:59.343Z,2026-04-28T10:59:09.410Z,,24016.5,,,1,75,75,,EXPIRED_TRIGGERED,50,BASELINE,,false
BANKNIFTY,,ENGINE,BASELINE,BEARISH,PUT,55700,2026-04-28T06:00:53.412Z,2026-04-28T06:54:33.129Z,,55631.75,,,1,30,30,,TARGET2_HIT,50,BASELINE,,false
SENSEX,,ENGINE,BASELINE,BEARISH,PUT,77400,2026-04-28T07:11:23.735Z,2026-04-28T10:59:09.410Z,,76886.6719,,,1,10,10,,EXPIRED_TRIGGERED,50,BASELINE,,false
BANKNIFTY,,ENGINE,BASELINE,BEARISH,PUT,55900,2026-04-29T09:52:11.229Z,2026-04-29T10:00:59.388Z,,55329.8516,,,1,30,30,,EXPIRED_TRIGGERED,55,BASELINE,,false
BANKNIFTY,,ENGINE,TREND_CONTINUATION,BEARISH,PUT,55600,2026-04-29T09:49:48.966Z,2026-04-29T10:00:59.388Z,,55329.8516,,,1,30,30,,EXPIRED_TRIGGERED,68,HIGH_CONVICTION,,false
NIFTY,,ENGINE,TREND_CONTINUATION,BEARISH,PUT,24150,2026-04-29T09:56:57.214Z,2026-04-29T10:00:59.388Z,,24162.4492,,,1,75,75,,EXPIRED_TRIGGERED,60,HIGH_CONVICTION,,false
BANKNIFTY,,ENGINE,VWAP_RECLAIM,BEARISH,PUT,55300,2026-04-29T10:00:57.387Z,2026-04-29T10:00:59.388Z,,55329.8516,,,1,30,30,,EXPIRED_TRIGGERED,72,HIGH_CONVICTION,,false
SENSEX,,ENGINE,VWAP_RECLAIM,BEARISH,PUT,77500,2026-04-29T10:00:57.531Z,2026-04-29T10:00:57.531Z,,77472.7734,,,1,10,10,,STOPPED,72,HIGH_CONVICTION,,false
NIFTY,,ENGINE,BASELINE,BULLISH,CALL,24050,2026-04-30T09:14:34.445Z,2026-04-30T10:00:09.537Z,,24041.75,,,1,75,75,,EXPIRED_TRIGGERED,50,BASELINE,,false
SENSEX,,ENGINE,BASELINE,BULLISH,CALL,77000,2026-04-30T09:29:11.246Z,2026-04-30T10:00:09.537Z,,76877.25,,,1,10,10,,EXPIRED_TRIGGERED,50,BASELINE,,false
BANKNIFTY,,ENGINE,BASELINE,BEARISH,PUT,55300,2026-05-04T09:23:21.303Z,2026-05-04T10:00:32.894Z,,54879.2,961.53,,1,30,30,,EXPIRED_TRIGGERED,55,BASELINE,,false
SENSEX,,ENGINE,BASELINE,BEARISH,PUT,77600,2026-05-04T09:23:28.502Z,2026-05-04T10:00:32.894Z,,77297.56,547.83,,1,10,10,,EXPIRED_TRIGGERED,55,BASELINE,,false
NIFTY,,ENGINE,BASELINE,BEARISH,PUT,23950,2026-05-05T05:39:55.357Z,2026-05-05T07:32:20.253Z,,24016.6,236.46,193.61,1,75,75,-3213.75,STOPPED,55,BASELINE,,false
BANKNIFTY,,ENGINE,BASELINE,BEARISH,PUT,54500,2026-05-05T05:39:55.403Z,2026-05-05T07:32:20.322Z,,54586.9,975.81,903.41,1,30,30,-2172,STOPPED,55,BASELINE,,false
SENSEX,,ENGINE,BASELINE,BEARISH,PUT,76700,2026-05-05T06:21:02.206Z,2026-05-05T07:32:20.479Z,,76949.87,602.62,462.81,1,10,10,-1398.1,STOPPED,50,BASELINE,,false
NIFTY,,ENGINE,BASELINE,BULLISH,CALL,24000,2026-05-05T07:40:06.671Z,2026-05-05T10:00:20.575Z,,24053.1,248.2,,1,75,75,,EXPIRED_TRIGGERED,50,BASELINE,,false
SENSEX,,ENGINE,BASELINE,BULLISH,CALL,77000,2026-05-05T07:42:06.465Z,2026-05-05T10:00:20.816Z,,77078.73,515.18,,1,10,10,,EXPIRED_TRIGGERED,50,BASELINE,,false
BANKNIFTY,,ENGINE,BASELINE,BULLISH,CALL,54700,2026-05-05T07:40:08.471Z,2026-05-05T10:00:20.575Z,,54576.85,1160.94,,1,30,30,,EXPIRED_TRIGGERED,50,BASELINE,,false
NIFTY,,ENGINE,BASELINE,BEARISH,PUT,24100,2026-05-06T06:46:31.399Z,2026-05-06T10:06:22.312Z,,24036.45,167.83,,1,75,75,,EXPIRED_TRIGGERED,45,BASELINE,,false
SENSEX,,ENGINE,BASELINE,BEARISH,PUT,77100,2026-05-06T06:46:31.521Z,2026-05-06T10:06:22.312Z,,77045.53,250.36,,1,10,10,,EXPIRED_TRIGGERED,45,BASELINE,,false
BANKNIFTY,,ENGINE,EMA_PULLBACK,BULLISH,CALL,54900,2026-05-06T06:31:55.160Z,2026-05-06T10:01:29.035Z,,54922.75,,,1,30,30,,EXPIRED_TRIGGERED,65,HIGH_CONVICTION,,false
SENSEX,,ENGINE,TREND_CONTINUATION,BEARISH,PUT,77000,2026-05-06T07:13:32.823Z,2026-05-06T10:06:22.312Z,,76925.16,,,1,10,10,,EXPIRED_TRIGGERED,75,HIGH_CONVICTION,,false
SENSEX,,ENGINE,EMA_PULLBACK,BULLISH,CALL,77900,2026-05-07T05:30:34.703Z,2026-05-07T10:00:05.864Z,,77850.27,200.68,,1,10,10,,EXPIRED_TRIGGERED,68,HIGH_CONVICTION,,false
NIFTY,,ENGINE,EMA_PULLBACK,BULLISH,CALL,24350,2026-05-07T05:46:52.362Z,2026-05-07T10:00:05.864Z,,24369.6,177.28,,1,75,75,,EXPIRED_TRIGGERED,68,HIGH_CONVICTION,,false
BANKNIFTY,,ENGINE,VWAP_RECLAIM,BULLISH,CALL,56000,2026-05-07T06:40:17.929Z,2026-05-07T10:00:05.864Z,,55958.15,,,1,30,30,,EXPIRED_TRIGGERED,75,HIGH_CONVICTION,,false
BANKNIFTY,,ENGINE,EMA_PULLBACK,BULLISH,CALL,56100,2026-05-07T08:35:37.041Z,2026-05-07T10:00:05.864Z,,56092.65,,,1,30,30,,EXPIRED_TRIGGERED,68,HIGH_CONVICTION,,false
BANKNIFTY,,ENGINE,BASELINE,BEARISH,PUT,55600,2026-05-08T06:02:25.255Z,2026-05-08T10:02:01.896Z,,55335.75,853.48,,1,30,30,,EXPIRED_TRIGGERED,50,BASELINE,,false
BANKNIFTY,,ENGINE,BASELINE,BULLISH,CALL,55000,2026-05-11T07:41:19.361Z,2026-05-11T07:41:19.361Z,,54925.05,1005.15,918.73,1,30,30,-2592.6,STOPPED,50,BASELINE,,false
NIFTY,,ENGINE,BASELINE,BULLISH,CALL,24000,2026-05-11T08:27:13.359Z,2026-05-11T10:00:25.453Z,,23988.45,109.37,,1,75,75,,EXPIRED_TRIGGERED,45,BASELINE,,false
NIFTY,,ENGINE,BASELINE,BEARISH,PUT,23250,2026-05-13T04:11:48.032Z,2026-05-13T05:09:22.734Z,,23462.7,257,206.13,1,75,75,-3815.25,STOPPED,55,BASELINE,,false
BANKNIFTY,,ENGINE,BASELINE,BEARISH,PUT,53200,2026-05-13T04:11:49.630Z,2026-05-13T05:22:30.834Z,,53671.7,965.66,852.39,1,30,30,-3398.1,STOPPED,55,BASELINE,,false
SENSEX,,ENGINE,BASELINE,BEARISH,PUT,74200,2026-05-13T04:11:50.631Z,2026-05-13T05:09:48.235Z,,74714,268.67,188.07,1,10,10,-806,STOPPED,55,BASELINE,,false
NIFTY,,ENGINE,BASELINE,BULLISH,CALL,23450,2026-05-13T06:17:31.051Z,2026-05-13T10:00:49.320Z,,23479.65,256.48,,1,75,75,,EXPIRED_TRIGGERED,45,BASELINE,,false
NIFTY,,ENGINE,VWAP_RECLAIM,BULLISH,CALL,23550,2026-05-13T07:26:56.379Z,2026-05-13T10:00:49.320Z,,23567.9,232.89,,1,75,75,,EXPIRED_TRIGGERED,73,BASELINE,,false
SENSEX,,ENGINE,VWAP_RECLAIM,BULLISH,CALL,75100,2026-05-13T07:26:56.487Z,2026-05-13T07:26:56.487Z,,75069.39,394.33,276.03,1,10,10,-1183,STOPPED,73,BASELINE,,false
SENSEX,,ENGINE,EMA_PULLBACK,BULLISH,CALL,75000,2026-05-13T08:07:32.707Z,2026-05-13T10:00:49.320Z,,75002.68,429.71,,1,10,10,,EXPIRED_TRIGGERED,66,BASELINE,,false
NIFTY,,ENGINE,EMA_PULLBACK,BULLISH,CALL,23500,2026-05-13T08:44:41.207Z,2026-05-13T10:00:49.320Z,,23524.8,255.84,,1,75,75,,EXPIRED_TRIGGERED,66,BASELINE,,false
NIFTY,,ENGINE,BASELINE,BULLISH,CALL,23700,2026-05-14T07:44:26.512Z,2026-05-14T10:00:38.048Z,,23709.75,202.83,,1,75,75,,EXPIRED_TRIGGERED,50,BASELINE,,false
BANKNIFTY,,ENGINE,BASELINE,BULLISH,CALL,54300,2026-05-14T07:44:26.557Z,2026-05-14T09:33:34.681Z,,54145.35,976.48,846.38,1,30,30,-3903,STOPPED,50,BASELINE,,false
SENSEX,,ENGINE,BASELINE,BULLISH,CALL,75500,2026-05-14T07:44:26.600Z,2026-05-14T10:00:38.048Z,,75475.8,145.58,,1,10,10,,EXPIRED_TRIGGERED,55,BASELINE,,false
NIFTY,,ENGINE,BASELINE,BULLISH,CALL,23800,2026-05-15T04:22:23.062Z,2026-05-15T06:06:40.802Z,,23717.3,183.85,129.08,1,75,75,-4107.75,STOPPED,55,BASELINE,,false
BANKNIFTY,,ENGINE,BASELINE,BULLISH,CALL,54200,2026-05-15T04:22:25.160Z,2026-05-15T06:39:16.002Z,,54140.2,976.82,847.04,1,30,30,-3893.4,STOPPED,55,BASELINE,,false
SENSEX,,ENGINE,BASELINE,BULLISH,CALL,75700,2026-05-15T04:16:34.416Z,2026-05-15T06:10:29.201Z,,75499.67,734.14,552.58,1,10,10,-1815.6,STOPPED,55,BASELINE,,false
BANKNIFTY,,ENGINE,EMA_PULLBACK,BULLISH,CALL,54300,2026-05-15T04:16:26.715Z,2026-05-15T10:00:44.606Z,,54248.95,,,1,30,30,,EXPIRED_TRIGGERED,67,BASELINE,,false
SENSEX,,ENGINE,VWAP_RECLAIM,BULLISH,CALL,75500,2026-05-15T07:04:06.501Z,2026-05-15T10:00:44.606Z,,75551.87,721.81,,1,10,10,,EXPIRED_TRIGGERED,75,BASELINE,,false
NIFTY,,ENGINE,EMA_PULLBACK,BULLISH,CALL,23750,2026-05-15T07:06:39.643Z,2026-05-15T10:00:44.606Z,,23737.25,152.32,,1,75,75,,EXPIRED_TRIGGERED,68,BASELINE,,false
SENSEX,,ENGINE,EMA_PULLBACK,BULLISH,CALL,75600,2026-05-15T07:06:39.782Z,2026-05-15T10:00:44.606Z,,75549.91,688.91,,1,10,10,,EXPIRED_TRIGGERED,68,BASELINE,,false
BANKNIFTY,,ENGINE,VWAP_RECLAIM,BULLISH,CALL,54200,2026-05-15T07:35:52.301Z,2026-05-15T10:00:44.606Z,,54229.75,893.5,,1,30,30,,EXPIRED_TRIGGERED,71,BASELINE,,false
SENSEX,,ENGINE,BASELINE,BULLISH,CALL,75000,2026-05-18T06:08:52.944Z,2026-05-18T10:03:03.709Z,,75315.04,582.82,,1,10,10,,EXPIRED_TRIGGERED,45,BASELINE,,false
NIFTY,,ENGINE,BASELINE,BULLISH,CALL,23550,2026-05-18T06:11:09.544Z,2026-05-18T10:03:03.709Z,,23645.65,109.16,,1,75,75,,EXPIRED_TRIGGERED,45,BASELINE,,false
BANKNIFTY,,ENGINE,BASELINE,BULLISH,CALL,53400,2026-05-18T07:27:39.886Z,2026-05-18T10:03:03.709Z,,53533.8,844.97,,1,30,30,,EXPIRED_TRIGGERED,50,BASELINE,,false
NIFTY,,ENGINE,EMA_PULLBACK,BULLISH,CALL,23650,2026-05-18T08:27:19.555Z,2026-05-18T10:03:03.709Z,,23649.6,120.66,,1,75,75,,EXPIRED_TRIGGERED,66,BASELINE,,false
NIFTY,,ENGINE,BASELINE,BULLISH,CALL,23750,2026-05-19T04:05:06.855Z,2026-05-19T04:08:01.454Z,,23671.8,274.83,220.07,1,75,75,-4107,STOPPED,50,BASELINE,,false
SENSEX,,ENGINE,BASELINE,BULLISH,CALL,75700,2026-05-19T04:01:50.456Z,2026-05-19T04:08:06.199Z,,75422.72,524.8,367.36,1,10,10,-1574.4,STOPPED,50,BASELINE,,false
BANKNIFTY,,ENGINE,BASELINE,BEARISH,PUT,53500,2026-05-19T04:08:06.134Z,2026-05-19T04:08:06.134Z,,53462.05,670.92,587.81,1,30,30,-2493.3,STOPPED,45,BASELINE,,false
BANKNIFTY,,ENGINE,EMA_PULLBACK,BULLISH,CALL,53600,2026-05-19T06:13:58.082Z,2026-05-19T10:00:06.419Z,,53583.2,721.33,,1,30,30,,EXPIRED_TRIGGERED,66,BASELINE,,false
BANKNIFTY,,ENGINE,BASELINE,BULLISH,CALL,53300,2026-05-20T05:54:00.145Z,2026-05-20T10:01:10.020Z,,53592.05,642.97,,1,30,30,,EXPIRED_TRIGGERED,45,BASELINE,,false
NIFTY,,ENGINE,BASELINE,BULLISH,CALL,23600,2026-05-20T06:08:51.046Z,2026-05-20T10:01:10.020Z,,23665.25,216.57,,1,75,75,,EXPIRED_TRIGGERED,45,BASELINE,,false
SENSEX,,ENGINE,BASELINE,BULLISH,CALL,75100,2026-05-20T06:08:53.346Z,2026-05-20T10:01:10.020Z,,75307.17,373.61,,1,10,10,,EXPIRED_TRIGGERED,45,BASELINE,,false
BANKNIFTY,,ENGINE,VWAP_RECLAIM,BEARISH,PUT,53300,2026-05-20T06:33:53.749Z,2026-05-20T10:01:10.020Z,,53137.05,575.11,,1,30,30,,EXPIRED_TRIGGERED,76,HIGH_CONVICTION,,false
BANKNIFTY,,ENGINE,EMA_PULLBACK,BEARISH,PUT,53200,2026-05-20T07:38:40.047Z,2026-05-20T10:01:10.020Z,,53166.95,550.32,,1,30,30,,EXPIRED_TRIGGERED,72,HIGH_CONVICTION,,false
NIFTY,,ENGINE,BASELINE,BEARISH,PUT,24000,2026-05-26T07:48:36.587Z,2026-05-26T10:01:54.862Z,,23933.55,174.44,,1,75,75,,EXPIRED_TRIGGERED,45,BASELINE,,false
BANKNIFTY,,ENGINE,BASELINE,BEARISH,PUT,55100,2026-05-26T07:29:27.368Z,2026-05-26T10:01:54.862Z,,55130.6,94.81,,1,30,30,,EXPIRED_TRIGGERED,50,BASELINE,,false
SENSEX,,ENGINE,BASELINE,BEARISH,PUT,76300,2026-05-26T07:29:27.412Z,2026-05-26T10:01:54.862Z,,76009.7,321.1,,1,10,10,,EXPIRED_TRIGGERED,50,BASELINE,,false
BANKNIFTY,,ENGINE,BASELINE,BEARISH,PUT,55200,2026-05-27T06:33:17.228Z,2026-05-27T10:02:29.316Z,,54871.95,1005.92,,1,30,30,,EXPIRED_TRIGGERED,45,BASELINE,,false
NIFTY,,ENGINE,BASELINE,BEARISH,PUT,23600,2026-05-31T10:11:39.686Z,2026-05-31T10:11:39.686Z,,23547.75,117.69,82.38,1,75,75,-2648.25,STOPPED,50,BASELINE,,false
BANKNIFTY,,ENGINE,BASELINE,BEARISH,PUT,54400,2026-05-31T10:11:39.751Z,2026-05-31T10:11:40.044Z,,54239.2,1036.14,,1,30,30,,EXPIRED_TRIGGERED,50,BASELINE,,false
SENSEX,,ENGINE,BASELINE,BEARISH,PUT,75000,2026-05-31T10:11:39.792Z,2026-05-31T10:11:40.044Z,,74775.74,502.17,,1,10,10,,EXPIRED_TRIGGERED,50,BASELINE,,false
NIFTY,,ENGINE,BASELINE,BEARISH,PUT,23600,2026-06-01T04:02:08.056Z,2026-06-01T10:09:00.041Z,,23378.7,94.94,,1,75,75,,EXPIRED_TRIGGERED,50,BASELINE,,false
BANKNIFTY,,ENGINE,BASELINE,BEARISH,PUT,54400,2026-06-01T04:18:24.534Z,2026-06-01T10:09:00.041Z,,53665.6,1029.91,1274.36,1,30,30,7333.5,TARGET1_HIT,50,BASELINE,,false
SENSEX,,ENGINE,BASELINE,BEARISH,PUT,75000,2026-06-01T04:18:24.589Z,2026-06-01T10:09:00.041Z,,74255.16,429.79,,1,10,10,,EXPIRED_TRIGGERED,50,BASELINE,,false
NIFTY,,ENGINE,VWAP_RECLAIM,BEARISH,PUT,23550,2026-06-01T06:27:16.379Z,2026-06-01T10:09:00.041Z,,23460.65,91.57,,1,75,75,,EXPIRED_TRIGGERED,76,HIGH_CONVICTION,,false
NIFTY,,ENGINE,EMA_PULLBACK,BEARISH,PUT,23350,2026-06-02T05:01:26.992Z,2026-06-02T10:00:30.032Z,,23332.8,163.52,,1,75,75,,EXPIRED_TRIGGERED,65,BASELINE,,false
SENSEX,,ENGINE,EMA_PULLBACK,BEARISH,PUT,74200,2026-06-02T05:15:24.197Z,2026-06-02T10:00:30.032Z,,74192.58,356.16,,1,10,10,,EXPIRED_TRIGGERED,65,BASELINE,,false
SENSEX,,ENGINE,BASELINE,BULLISH,CALL,74200,2026-06-02T07:15:59.411Z,2026-06-02T10:00:30.032Z,,74714.31,436.58,,1,10,10,,EXPIRED_TRIGGERED,45,BASELINE,,false
NIFTY,,ENGINE,BASELINE,BULLISH,CALL,23400,2026-06-02T07:15:59.281Z,2026-06-02T10:00:30.032Z,,23508.4,220.59,,1,75,75,,EXPIRED_TRIGGERED,50,BASELINE,,false
BANKNIFTY,,ENGINE,BASELINE,BULLISH,CALL,53500,2026-06-02T07:15:59.346Z,2026-06-02T10:00:30.032Z,,53784.4,1313.31,,1,30,30,,EXPIRED_TRIGGERED,50,BASELINE,,false
SENSEX,,ENGINE,VWAP_RECLAIM,BULLISH,CALL,74700,2026-06-02T07:43:22.860Z,2026-06-02T10:00:30.032Z,,74566.75,472.83,,1,10,10,,EXPIRED_TRIGGERED,76,BASELINE,,false
BANKNIFTY,,ENGINE,BASELINE,BULLISH,CALL,53500,2026-06-03T07:10:53.526Z,2026-06-03T07:10:53.526Z,,53617.7,1369.77,1238.93,1,30,30,-3925.2,STOPPED,50,BASELINE,,false
BANKNIFTY,,ENGINE,VWAP_RECLAIM,BULLISH,CALL,53700,2026-06-03T07:50:39.731Z,2026-06-03T10:01:37.639Z,,54067.75,1330.76,1517.08,1,30,30,5589.6,TARGET1_HIT,70,BASELINE,,false
NIFTY,,ENGINE,EMA_PULLBACK,BULLISH,CALL,23400,2026-06-03T08:20:31.555Z,2026-06-03T08:20:31.555Z,,23424.85,249.35,194.99,1,75,75,-4077,STOPPED,66,BASELINE,,false
SENSEX,,ENGINE,EMA_PULLBACK,BULLISH,CALL,74300,2026-06-03T08:20:31.655Z,2026-06-03T08:20:31.655Z,,74396.79,498.52,348.96,1,10,10,-1495.6,STOPPED,66,BASELINE,,false
BANKNIFTY,,ENGINE,EMA_PULLBACK,BULLISH,CALL,54200,2026-06-04T05:11:03.200Z,2026-06-04T10:00:39.277Z,,54270.5,1274.31,,1,30,30,,EXPIRED_TRIGGERED,68,BASELINE,,false
BANKNIFTY,,ENGINE,BASELINE,BULLISH,CALL,54200,2026-06-04T05:25:40.434Z,2026-06-04T07:43:37.329Z,,54106.15,1204.92,1072.06,1,30,30,-3985.8,STOPPED,55,BASELINE,,false
SENSEX,,ENGINE,EMA_PULLBACK,BULLISH,CALL,74400,2026-06-04T05:16:01.420Z,2026-06-04T10:00:39.277Z,,74376.41,203.07,,1,10,10,,EXPIRED_TRIGGERED,68,BASELINE,,false
BANKNIFTY,,ENGINE,VWAP_RECLAIM,BULLISH,CALL,54400,2026-06-04T05:25:40.393Z,2026-06-04T10:00:39.277Z,,54326.4,1214.19,,1,30,30,,EXPIRED_TRIGGERED,78,BASELINE,,false
NIFTY,,ENGINE,EMA_PULLBACK,BULLISH,CALL,23400,2026-06-04T07:25:53.304Z,2026-06-04T10:00:39.277Z,,23417.1,184.51,,1,75,75,,EXPIRED_TRIGGERED,68,BASELINE,,false
NIFTY,,ENGINE,BASELINE,BEARISH,PUT,23400,2026-06-05T05:07:55.930Z,2026-06-05T10:02:04.621Z,,23370.5,121.1,187.98,1,75,75,5016,TARGET1_HIT,50,BASELINE,,false
BANKNIFTY,,ENGINE,BASELINE,BULLISH,CALL,54400,2026-06-05T05:52:05.593Z,2026-06-05T07:22:59.469Z,,54403.85,1246.13,1113.05,1,30,30,-3992.4,STOPPED,50,BASELINE,,false
SENSEX,,ENGINE,BASELINE,BEARISH,PUT,74300,2026-06-05T05:07:56.056Z,2026-06-05T10:02:04.621Z,,74285.6,478.81,,1,10,10,,EXPIRED_TRIGGERED,50,BASELINE,,false
BANKNIFTY,,ENGINE,BASELINE,BEARISH,PUT,54200,2026-06-05T05:13:54.839Z,2026-06-05T05:13:54.839Z,,54250.2,891.65,813.88,1,30,30,-2333.1,STOPPED,50,BASELINE,,false
BANKNIFTY,,ENGINE,EMA_PULLBACK,BULLISH,CALL,54500,2026-06-05T06:30:58.910Z,2026-06-05T08:01:10.075Z,,54242.05,1243.12,1129.14,1,30,30,-3419.4,STOPPED,68,BASELINE,,false
NIFTY,,ENGINE,VWAP_RECLAIM,BEARISH,PUT,23400,2026-06-05T07:14:19.510Z,2026-06-05T10:02:04.621Z,,23383.6,134.98,,1,75,75,,EXPIRED_TRIGGERED,67,BASELINE,,false